Ids_Prd,R_Csump,All_Emp,NetExports,M1,M2,CPI,^GSPC,Intr_10Y,Moody_aaa,Labor_partic,Imports_Goods,Customs_Duties,GDP_nominal,working_hour_manuf,Ef_Fed_Rate,Unemp,Per_savings,Real GDP,dataset
-0.021751448512772775,-0.005299099086880421,-0.0019484942103442648,0.0,-0.0014316394714377623,0.009973486926759811,0.006777389547596435,0.040048035114395475,-0.023810648693718406,-0.00894860557601418,0.02030526616074546,0.0,0.0,0.0,40.0,3.6966666666666668,5.233333333333333,9.733333333333334,-0.005398116459607749,train
-0.01516246862087689,0.005858539660911877,-0.0022288749729266755,0.0,0.011396134730869534,0.019977739903761282,0.0,-0.04391552633092566,-0.08810726751026698,-0.045985113241823417,0.0,0.0,0.0,0.0,39.666666666666664,2.936666666666667,5.533333333333334,10.233333333333334,0.004887349823633258,train
-0.03467185031248743,-0.010997361522859794,-0.008984120668037221,0.0,-0.0035473609387981497,0.012886776276356926,0.006731765576479809,0.03579399088771673,0.010471299867295558,0.023256862164267256,0.0,0.0,0.0,0.0,39.13333333333333,2.296666666666667,6.266666666666666,10.0,-0.012914343824322216,train
0.0060671079167065045,0.01848849700325017,-0.0015456097526698187,0.0,0.008492620045653432,0.01870991632251595,0.001005867645580416,0.12073782376564601,-0.026386755173194887,-0.03034071705267216,0.0,0.0,0.0,0.0,39.4,2.0033333333333334,6.8,10.866666666666667,0.006727499213381449,train
0.04953595502282093,0.008964815044102181,0.0059088209376945144,0.0,0.007022500769824802,0.018674679025225238,0.0,0.022920385336311355,0.03674954220874138,0.025732413966478074,0.0,0.0,0.0,0.0,39.733333333333334,1.7333333333333334,7.0,10.966666666666667,0.016836022282726404,train
0.019375185528611727,0.006154990636889401,0.007585511387302901,0.0,0.006278360351124945,0.015907340629289557,0.004680717338891416,0.024895288211008726,0.02544666566116427,0.02733655416375025,-0.011794576492836661,0.0,0.0,0.0,39.86666666666667,1.6833333333333333,6.766666666666667,11.666666666666666,0.019021594877155934,train
0.043077829117938116,0.022823813565256756,0.00885965890357987,0.0,0.009688657103748888,0.01804560246917486,0.0010001667778238854,0.06497259605535533,0.01990115431729489,-0.006764400088542066,-0.003395589001138788,0.0,0.0,0.0,40.46666666666667,2.4,6.2,11.633333333333333,0.019426768536790817,train
0.012888323582566752,0.008043573057446629,0.007317526546490427,0.0,0.005494519317641,0.022399993452667744,0.00531739371869433,-0.020407005254272192,-0.03254354773247137,-0.006810469002526798,0.0016992357529597157,0.0,0.0,0.0,40.333333333333336,2.4566666666666666,5.633333333333333,11.566666666666668,0.017679425844058017,train
-0.0010667132960739956,0.006107606488796602,0.0066535284538140615,0.0,0.004101167744214429,0.01790920194838197,0.0013249422276104816,-0.23395846859831249,-0.005102051883895342,-0.025376217493374487,-0.0016992357529597157,0.0,0.0,0.0,40.56666666666667,2.606666666666667,5.533333333333334,11.433333333333332,0.009006860092162228,train
0.01694795793896553,0.017124203090431944,0.005984501206382831,0.0,-0.002048481426472293,0.015904907839664695,0.006927291432566207,0.041709770538325586,0.01774444529907182,0.009302392662313475,0.003395589001138788,0.0,0.0,0.0,40.5,2.8466666666666662,5.566666666666666,11.133333333333333,0.012220688918295863,train
0.005236897383424921,0.013831953494147342,0.0008928093730933284,0.0,0.010200700488023351,0.02173998663640564,-0.0013157896635198618,0.07659016002233265,-0.030614635819606884,-0.018692133012152556,-0.010221554071538463,0.0,0.0,0.0,40.36666666666667,2.9233333333333333,5.533333333333334,10.666666666666666,0.0032886053234335577,train
0.024770598967023716,0.0010212187430123087,0.005198146072986631,0.0,0.009427679255558985,0.021817063867829667,0.004270001560951364,0.0476888320161688,0.017972242404430405,-0.011862535309819844,0.0034188067487859186,0.0,0.0,0.0,40.5,2.966666666666667,5.766666666666667,10.733333333333334,0.010861701822962644,train
0.024171818664805667,0.013853132905050636,0.006001133261642977,0.0,0.008010723746078696,0.02055872702103656,0.003272254228742888,0.06536546909721341,0.015151805020602316,0.009501259124140127,-0.0017079423451562548,0.0,0.0,0.0,40.56666666666667,2.9633333333333334,5.733333333333333,10.700000000000001,0.01116162003985366,train
0.00792793231459088,0.006799714082419417,0.00736790834094414,0.0,0.010582109330536937,0.0198855322871081,0.0035871553221502595,0.03834448825811876,0.022305757514298197,0.018735911057469634,0.0034129725962399604,0.0,0.0,0.0,40.6,3.33,5.5,10.433333333333332,0.02175005327773505,train
0.009824154016236708,0.01870961965672846,0.004945876438767982,0.0,0.008516265031492054,0.018481018808180316,0.0051948168771041026,0.0180154497331646,0.01218041855687102,0.009237940984936355,-0.0034129725962399604,0.0,0.0,0.0,40.666666666666664,3.453333333333333,5.566666666666666,11.066666666666668,0.0065376305040079075,train
0.01551775770430286,0.013752247055678346,0.009300939873940095,0.0,0.007797310460031959,0.016646033793288773,0.001941119988344564,0.0604958369058366,0.021557721074979108,0.006872879287762146,0.0034129725962399604,0.0,0.0,0.0,40.46666666666667,3.4633333333333334,5.466666666666666,11.066666666666668,0.02086787917430577,train
0.02471553999545195,0.021228153298983088,0.005546192176781872,0.0,0.007094515406490309,0.018094433442633395,0.0022598879674378125,0.018149171249627116,-0.011919092237210327,0.0068259650703998975,0.0,0.0,0.0,0.0,40.766666666666666,3.49,5.2,11.866666666666667,0.010831807372440494,train
0.01676033306604774,0.009170289851037072,0.011680261204674025,0.0,0.019727015788072677,0.023787529377817584,0.002254792387089033,0.03869495442990001,0.007168489478612594,0.002265006630852051,0.0,0.0,0.0,0.0,40.86666666666667,3.456666666666667,5.0,11.366666666666667,0.015505187497860007,train
0.02822374026436414,0.007017207888511123,0.008755676096697584,0.0,0.010031432083144054,0.018536652432474376,0.005454850682963919,0.006589420517800981,-0.004773278752657761,0.0045146803545268455,-0.0017050302510837057,0.0,0.0,0.0,40.96666666666667,3.5766666666666667,4.966666666666666,12.066666666666668,0.003087140739525651,train
0.030062960000500016,0.02597283012441487,0.009746861728906708,0.0,0.007458083047203523,0.019816477807609978,0.0019181591559034317,0.033656744390443194,0.007151401157625026,-0.0045146803545268455,0.0017050302510837057,0.0,0.0,0.0,41.3,3.9766666666666666,4.8999999999999995,11.200000000000001,0.02391092295812669,train
0.0198357369616744,-0.0022231213683130413,0.011384378875622048,0.0,0.004324999018601616,0.01580245869021013,0.009535990889212087,-0.020287727381112397,0.0,0.009009069942365944,0.0017021280705300512,0.0,0.0,0.0,41.233333333333334,4.079999999999999,4.666666666666667,11.166666666666666,0.012555556370438481,train
0.016097642341255547,0.036356805178684226,0.013095620117614004,0.0,0.0159024757940589,0.02113388009462902,0.0003163055537998005,0.04917676590231057,0.018824085245635613,0.013363227812167144,-0.0017021280705300512,0.0,0.0,0.0,41.13333333333333,4.076666666666667,4.366666666666667,12.033333333333333,0.021988085171807725,train
0.026533061126117197,0.015535702664346562,0.013439933508351487,0.0,0.01804017655773471,0.02134999109368163,0.007247550236846312,0.026012741606817436,0.07410797215372189,0.034786116085415486,0.005097717071668839,0.0,0.0,0.0,41.266666666666666,4.166666666666667,4.1000000000000005,11.366666666666667,0.022777626153715147,train
0.02983133228046375,0.020816263470672336,0.013863217388387028,0.0,0.015962502690465286,0.01727158650866123,0.010307759546064776,-0.0316363452938111,0.052699232000851026,0.05001042057466143,-0.003395589001138788,0.0,0.0,0.0,41.6,4.56,3.8666666666666667,10.966666666666667,0.024046895002712176,train
0.015759280001061526,-0.00618057686826301,0.01443824520600856,0.0,0.0064308903302903175,0.008525200823359391,0.006195806685251881,-0.03221794851555515,-0.012396852976828798,0.030032287098875177,0.005089069507471677,0.0,0.0,0.0,41.56666666666666,4.913333333333333,3.8333333333333335,10.966666666666667,0.003408887793316495,train
0.015517632232137757,0.019310686300613167,0.008263867958850923,0.0,0.0023282897595908736,0.008873922588716887,0.011362013831771822,-0.10071358068212,0.07410797215372189,0.07958743791834744,0.0033783815916272886,0.0,0.0,0.0,41.26666666666667,5.41,3.766666666666667,11.033333333333333,0.00843267058825603,train
0.0023044478597622486,-0.0006965567162686703,0.00856430736469882,0.0,0.0,0.010046128861058712,0.005177413727608382,0.04414867232762276,-0.06789033554285129,-0.018382870600533563,0.0033670065479043387,0.0,0.0,0.0,41.13333333333333,5.5633333333333335,3.6999999999999997,11.666666666666666,0.008170564135186353,train
-0.012352213624599706,0.006205447346530946,0.0050639216597296866,0.0,0.016147986407982096,0.019590274921119644,0.0024271856576110196,0.09483913248017828,-0.0639877086752838,-0.049439725738227525,-0.006745388139531627,0.0,0.0,0.0,40.666666666666664,4.823333333333333,3.8333333333333335,12.5,0.008818931799984497,train
0.0004994536427531671,0.015256280329901895,0.0033516180064694368,0.0,0.01250726935239399,0.02480716098345681,0.009049835519917782,0.022294476127455276,0.10050292165038122,0.0586734016851731,0.008424649659251493,0.0,0.0,0.0,40.4,3.9899999999999998,3.8333333333333335,11.933333333333332,0.0006133265706615987,train
0.015073503080599071,0.007744779308274108,0.006276837322099382,0.0,0.020688465024353953,0.02498408696698018,0.00896866998276069,0.0467431869485333,0.05427688685443832,0.03787648429049839,0.001676446327252279,0.0,0.0,0.0,40.56666666666667,3.893333333333333,3.7999999999999994,12.366666666666667,0.009416287547763247,train
0.033023022700964244,0.010635772392530995,0.011062458754208748,0.0,0.014285957247476944,0.019433030971169885,0.01183445764700286,-0.005300577617548541,0.07275935428242852,0.0912795415381551,0.0033444847228469854,0.0,0.0,0.0,40.63333333333333,4.173333333333333,3.9,12.5,0.0075102604766694725,train
0.005617745737541036,0.023993388787403536,0.005886972551495617,0.0,0.01193072720182986,0.015879350674675052,0.008784829555732454,-0.0673768779777495,0.006993035490970412,-0.013008313513000802,-0.005020931050099264,0.0,0.0,0.0,40.666666666666664,4.79,3.733333333333333,11.9,0.02018756338194727,train
0.016268109231836192,0.011698066764880721,0.009023729870353492,0.0,0.020806298704488135,0.017475811920277806,0.01159433278091937,0.12132690503869892,-0.0034904049397685988,0.027443207296603322,0.006688988150796327,0.0,0.0,0.0,40.699999999999996,5.983333333333333,3.5666666666666664,12.0,0.016565757068628173,train
0.0050306535062354385,0.010583016145751856,0.008490471786538833,0.0,0.017273394668342767,0.02007000407862769,0.011461443519006576,0.007475122558147973,-0.04652001563489283,-0.05062305307559667,-0.008368249670516192,0.0,0.0,0.0,40.800000000000004,5.946666666666666,3.533333333333333,10.6,0.007715345638743543,train
0.017989385026412563,0.004719697516793797,0.011094122441390297,0.0,0.024097551579060905,0.023564103513066037,0.014144507386165017,0.04943424572937172,0.09929822098228058,0.0773332034031704,0.0033557078469721446,0.0,0.0,0.0,40.86666666666667,5.916666666666667,3.4,10.833333333333334,0.003920047554242245,train
0.020221116912600756,0.010003248972470402,0.009442913655826501,0.0,0.013085239548654926,0.013319509917488759,0.013947227480850088,-0.06972455465191274,0.04380262265839274,0.060168521466452685,0.0033444847228469854,0.0,0.0,0.0,40.666666666666664,6.566666666666666,3.4,10.066666666666666,0.015523196020344798,train
0.0022500440708097535,0.006905671237513733,0.010402752111090763,0.0,0.006478966097709815,0.007112528899717141,0.013755375068485343,-0.0018884701833536965,0.04196419909903226,0.01880026450014749,0.0033333364197583037,0.0,0.0,0.0,40.800000000000004,8.326666666666666,3.4333333333333336,10.299999999999999,0.0030289475651379405,train
0.007335312562586793,0.009092670230919975,0.0039279457072805,0.0,0.003966291763829233,0.006203707643958722,0.013568729206069108,-0.04763707272143858,0.0859961484760352,0.02266385957721173,0.003322262191978176,0.0,0.0,0.0,40.6,8.983333333333333,3.5666666666666664,11.633333333333333,0.006577842035149217,train
-0.011866306538360405,0.0030950194932279906,0.004600620122616306,0.0,0.00886705317083436,0.009914611130518836,0.016043124840575462,-0.03648801982033323,0.06619566686589007,0.0781015876851916,-0.0016597514183640527,0.0,0.0,0.0,40.53333333333333,8.94,3.5666666666666664,11.6,-0.004894046837826238,train
-0.020647433770364376,0.005219154181902219,0.002943404698420693,0.0,0.008789119078501884,-0.0010211028797355581,0.015789801732635222,-0.027454426321181558,-0.0788451679299631,0.015424470325631656,0.006622540760493401,0.0,0.0,0.0,40.233333333333334,8.573333333333332,4.166666666666667,11.966666666666667,-0.0014900266753858915,train
-0.006980969692804706,0.011006144037854604,-0.005923655726936872,0.0,0.0091943546328217,0.013361720990408443,0.01297035044262751,-0.15948308517529064,0.10337835445383492,0.0784716154414955,-0.006622540760493401,0.0,0.0,0.0,39.8,7.886666666666667,4.766666666666667,12.666666666666666,0.001416180892475083,train
-0.006249454267730048,0.00887926082340229,-0.0011974109183583437,0.0,0.020029281875572735,0.026526754333429103,0.010256500167189042,0.08602774581821393,-0.05911109940220571,-0.04708171873341138,0.0,0.0,0.0,0.0,39.800000000000004,6.706666666666667,5.166666666666667,13.266666666666666,0.009172477759880948,train
-0.003576470873157156,-0.0034212837010882957,-0.0021448334688507487,0.0,0.012200996029340772,0.02472453648381201,0.015190165493975005,0.0891278137621958,-0.1453934665706671,-0.05723112789197149,0.003316752625993402,0.0,0.0,0.0,39.5,5.566666666666666,5.833333333333333,13.299999999999999,-0.010773558661599125,train
0.00467148041033516,0.015999061366920753,0.0009600994722767098,0.0,0.02031464135117922,0.03666973056418055,0.005012541823544492,0.1007798942474123,-0.11426809354893885,-0.05792865188157115,-0.006644542718668767,0.0,0.0,0.0,39.800000000000004,3.856666666666667,5.933333333333334,13.366666666666667,0.026799165184653972,train
0.014845311148988571,0.013283339122528215,0.005544858486500104,0.0,0.021253343505797773,0.03492682474442432,0.012422519998557036,0.0006529778254602547,0.13440820109805696,0.05792865188157115,-0.0033389012655140604,0.0,0.0,0.0,39.93333333333333,4.566666666666666,5.900000000000001,13.833333333333334,0.005393595262143336,train
0.007394339918046278,0.01132991153771945,0.005039627655389012,0.0,0.013333530869465093,0.028562908416765787,0.007380107297622729,-0.0027144550537183676,-0.06004963377951045,-0.026526754333428215,0.005004180584575302,0.0,0.0,0.0,39.833333333333336,5.476666666666667,6.033333333333334,13.566666666666668,0.008190831618485106,train
0.023169928927393002,0.013917413521030042,0.006888277551173161,0.0,0.007915608612661273,0.025379177942270736,0.0073260400920731605,-0.0022874047141323572,-0.034800529149417114,-0.025869379978417317,0.004979263399607525,0.0,0.0,0.0,40.03333333333333,4.75,5.933333333333334,13.133333333333333,0.0023458926521939816,train
0.040560453057886026,0.018685062691449872,0.01151316034069616,0.0,0.02594179197800006,0.032140181579271676,0.007272759329079559,0.08243456556810536,0.023334392061773013,-0.001380262468958282,0.0016542600960267606,0.0,0.0,0.0,40.333333333333336,3.546666666666667,5.766666666666667,12.366666666666667,0.018205430023737534,train
0.012738684721468108,0.011142072750376819,0.011097440442174644,0.0,0.009768606030536198,0.02184552892598024,0.007220247973487304,0.002967083617978261,0.006568168112097039,-0.00138217022695164,-0.0016542600960267606,0.0,0.0,0.0,40.53333333333333,4.3,5.7,11.633333333333333,0.02243922200938009,train
0.02066780203563745,0.014422088758084595,0.006836848184372357,0.0,0.027513198547725715,0.03743892745632582,0.009546611883579637,0.012686889790288092,0.06953827646365651,-0.0013840832659386404,0.0,0.0,0.0,0.0,40.56666666666667,4.743333333333333,5.566666666666666,11.966666666666667,0.00939660957362598,train
0.03545459824629438,0.024107118131609706,0.013428765584766467,0.0,0.024371636821285847,0.03037054879426826,0.009456335242035596,0.07150102076754727,-0.029436672295129807,-0.019581045199106306,0.0016542600960267606,0.0,0.0,0.0,40.666666666666664,5.1466666666666665,5.366666666666667,13.433333333333332,0.016605717228014072,train
0.02188660110720697,0.017145802265108312,0.01340814005987312,0.0,0.009982115227971988,0.016073540909254724,0.02095536517598795,-0.04421451833514123,0.053570573631559704,0.02922963831493841,0.004946423935325406,0.0,0.0,0.0,40.73333333333333,6.536666666666666,4.933333333333334,12.533333333333333,0.024448111784003856,train
0.006666096830099555,-0.004320571555935793,0.007873593763429554,0.0,0.019670185735824575,0.021837577719296064,0.018265347977293178,-0.07057940384550676,0.027922460619623335,0.010914160180678367,0.0016433857437299082,0.0,0.0,0.0,40.733333333333334,7.816666666666666,4.933333333333334,13.333333333333334,0.010828592930138825,train
0.010145346172057756,0.01001759690804116,0.005046617224605754,0.0,0.004663825010204015,0.007174489700620512,0.02237229775453331,0.008086197556182562,0.027163928940822313,0.03467013909512029,-0.0016433857437299082,0.0,0.0,0.0,40.666666666666664,10.56,4.8,13.4,-0.005272257243541745,train
0.010080470192165514,-0.013614723088890557,0.009722754899993191,0.0,0.019201818848537222,0.019117882243466333,0.02404487425400248,-0.10810759553655203,-0.05062541561982048,0.006531701863215389,0.006557400546158831,0.0,0.0,0.0,40.6,9.996666666666666,4.766666666666667,14.533333333333333,0.009447539531183935,train
-0.009743984964100783,-0.004780885600342177,0.0033903324932182954,0.0,0.014350699452132964,0.016922054239731033,0.03188367840522188,0.02762640795098381,0.06740902637264212,0.04207121392068691,0.0016326534238855217,0.0,0.0,0.0,40.43333333333333,9.323333333333332,5.133333333333333,13.966666666666667,-0.008634220481127386,train
0.00320741426321991,0.003861897835962136,0.003926072602002506,0.0,0.0067264827609507805,0.008810629682154847,0.02479465861321639,-0.08179240345403649,0.04475323072300719,0.05583974758369514,-0.0016326534238855217,0.0,0.0,0.0,40.0,11.25,5.2,12.9,0.0023741495820974734,train
-0.008525227095396382,0.0006716510495170525,7.632908014443274e-05,0.0,0.0092679069307815,0.011440346784147515,0.03213127818279338,-0.2761197348206581,0.0642069011710098,0.08701137698962969,0.0032626456348161526,0.0,0.0,0.0,40.1,12.089999999999998,5.633333333333333,12.6,-0.009497734873638919,train
-0.07296642174941104,-0.01534793770026699,-0.012261611942536277,0.0,0.011738946248512683,0.015866254624311793,0.02536721387842311,-0.015528339636829536,-0.0789032244612069,-0.038614836127779384,-0.0032626456348161526,0.0,0.0,0.0,39.6,9.346666666666666,6.6000000000000005,13.733333333333334,-0.00389162026282186,train
-0.04846467788970443,0.014676286650749937,-0.013013793514556227,0.0,0.0079913247653014,0.025068358849831718,0.017192400540372965,0.22302823786201564,0.039583003869662736,-0.02505825873336276,0.0,0.0,0.0,0.0,38.96666666666667,6.303333333333334,8.266666666666666,12.799999999999999,-0.012251082299137295,train
0.005312368575642434,0.022344758881691185,-0.0016582993830827064,0.0,0.021475413725571713,0.040259674285700875,0.013170463189744908,0.09728127597889547,0.016677743841784665,0.011468015591641123,0.0,0.0,0.0,0.0,39.06666666666667,5.419999999999999,8.866666666666667,15.266666666666666,0.007121593045516406,train
0.033045117588128115,0.009156375285986673,0.009196872608081108,0.0,0.011617803617640199,0.02916553616172468,0.020352228848898424,-0.08730659779621419,0.07001016557264883,0.020316725902672417,0.0,0.0,0.0,0.0,39.63333333333333,6.16,8.466666666666667,12.866666666666667,0.01697554285846614,train
0.019293631332942596,0.016987566215965977,0.010164666086597052,0.0,0.004888277890291448,0.024606511199781522,0.018149318505677137,0.046475550814557565,-0.052355230333928304,-0.01803882058967865,-0.0016353233407304657,0.0,0.0,0.0,40.0,5.413333333333334,8.299999999999999,12.700000000000001,0.01338100268400133,train
0.02502276948339599,0.013983434622284019,0.013128511232492812,0.0,0.019317606570822043,0.032719983991936985,0.00716848947861326,0.13069028065276278,-0.03433267908050519,-0.03119837085586097,0.0032679767646159874,0.0,0.0,0.0,40.300000000000004,4.826666666666667,7.733333333333333,12.066666666666668,0.022245402302655037,train
0.010217222985970498,0.011297315674974051,0.004140792666031956,0.0,0.011886708135858015,0.02594618194458498,0.012422519998557036,0.006728801381416183,0.016677743841784665,0.011668743834376993,0.0032573318703068566,0.0,0.0,0.0,40.03333333333333,5.196666666666666,7.566666666666666,11.799999999999999,0.00730697926256596,train
0.01598485225761026,0.008373724188006193,0.006479667044231974,0.0,0.011413349809365592,0.030344130336490416,0.01574835696813892,0.03558441772802112,-0.034955015033576675,-0.02823717018160954,0.001624695727001857,0.0,0.0,0.0,40.233333333333334,5.283333333333333,7.733333333333333,11.6,0.005459147548547705,train
0.025576660898023906,0.02050494177037887,0.006935290364857849,0.0,0.021790231580519404,0.03641908582319253,0.01379332213233564,-0.007542834655025921,-0.09966748517328061,-0.04890950303227459,0.003241493924170946,0.0,0.0,0.0,40.0,4.873333333333334,7.766666666666667,11.033333333333333,0.007200053008572738,train
0.021352617384669426,0.003345177307431779,0.01165368881737372,0.0,0.02483598062432435,0.031192445544411918,0.020339684237122846,-0.03987600550711168,0.08239130798141159,0.014925650216675912,0.003231020581446309,0.0,0.0,0.0,39.96666666666667,4.66,7.5,10.133333333333333,0.01179252552301513,train
0.025164224419095493,0.003777722306711251,0.01338812643048648,0.0,0.015489483068152232,0.024353944374224668,0.014987790965491854,-0.01284601281884079,-0.02442455200707494,-0.018692133012152556,0.0064308903302903175,0.0,0.0,0.0,40.46666666666667,5.156666666666666,7.133333333333333,10.466666666666667,0.019233087903616664,train
0.006380140088900532,0.01062146550357479,0.01257696375888706,0.0,0.017721589228084866,0.02305296893564801,0.013136477905369759,-0.031237766249563315,0.008207980417829663,-0.0037807228399060477,-0.0016038495819747922,0.0,0.0,0.0,40.4,5.82,6.8999999999999995,10.833333333333334,0.017871007745393186,train
0.005037076435407961,0.01638692784475948,0.010456086021099154,0.0,0.019530678783421074,0.01915417191929336,0.016181582851241494,-0.02538276219777824,0.046581940891128326,0.03352269203864333,0.00640002184546784,0.0,0.0,0.0,40.5,6.513333333333333,6.666666666666667,11.200000000000001,1.992759787050602e-05,train
0.00950110334653198,0.013661498350120205,0.012362552220249512,0.0,0.01826671542479552,0.017093099094649844,0.017502435649772607,-0.05477640241526771,0.04450829967332215,0.033616610798985036,0.0015936258352775567,0.0,0.0,0.0,39.96666666666667,6.756666666666667,6.333333333333333,11.333333333333334,0.0031933173264118153,train
0.031197250057185766,0.013237220697444929,0.01728481058441389,0.0,0.02895362362334275,0.020148534669276685,0.024923408452456997,0.0949039431671741,0.050920090427257314,0.03366539628433696,0.00793025567597816,0.0,0.0,0.0,40.46666666666667,7.283333333333334,6.0,10.366666666666667,0.03791960442252851,train
0.005801631775521621,0.002608579804026512,0.007687454439757602,0.0,0.015162642086401057,0.01989928624259818,0.02281467776617152,0.06150427787677959,-0.004739345363896863,-0.008022965670999138,0.0,0.0,0.0,0.0,40.53333333333333,8.1,6.033333333333334,10.666666666666666,0.010007247597409119,train
0.020132335461200856,0.011344302928365746,0.011912195859784092,0.0,0.014376568967258585,0.01549274809479595,0.020834086902842053,-0.0775475992074881,0.06772524336601116,0.05267323940873814,0.004728141195945668,0.0,0.0,0.0,40.53333333333333,9.583333333333334,5.8999999999999995,10.533333333333333,0.013351721942857608,train
0.0026088577386325085,0.002218049913448983,0.009071069777929708,0.0,0.014448709265365345,0.01583299833471319,0.02902961467511389,0.04082493056802772,0.012134732465993725,0.022666917564291733,0.0031397200046674456,0.0,0.0,0.0,40.5,10.073333333333332,5.866666666666667,11.1,0.0017943273692839767,train
-0.0028496927629890756,-0.0002659063729790745,0.007004990027983382,0.0,0.02962575681289259,0.025047559624403526,0.03237439665901665,0.016006551737047126,-0.023295562603522058,-0.008574543424583414,-0.0047132844520980655,0.0,0.0,0.0,39.9,10.18,5.7,10.366666666666667,0.0010668835595399884,train
-0.008452373452355388,0.012246669265459698,0.0024274681468661186,0.0,0.015677217587231063,0.021619833429587842,0.030015895940265658,0.065343495014206,0.04606077337653458,0.016017427331661782,0.0047132844520980655,0.0,0.0,0.0,40.13333333333333,10.946666666666667,5.866666666666667,9.9,0.0074005947959889795,train
0.006355623224525431,-0.0038604440655478633,0.0038121803746502536,0.0,0.006569462596794473,0.013389092699776839,0.033049934672551906,-0.0075873366964192,0.10760879025188341,0.12901910892330948,0.001566171032744812,0.0,0.0,0.0,40.13333333333333,13.576666666666666,5.966666666666666,9.833333333333334,0.0024973307670048683,train
0.0015859880728741338,-0.008563535404578548,0.0035449708499069033,0.0,0.017138825125522672,0.017555520648071976,0.040769977562715276,-0.029087779360175148,0.20468746649329894,0.1878926018434104,-0.003134798805371375,0.0,0.0,0.0,40.0,15.046666666666667,6.3,10.1,0.003140774140431901,train
-0.05797799227945122,-0.013029306491527226,-0.009862306945334964,0.0,0.0018006435733379789,0.019412956954968585,0.029522439266321143,0.09001509260281182,-0.265191787557709,-0.20290226449397553,0.0,0.0,0.0,0.0,39.43333333333333,12.686666666666667,7.333333333333333,11.4,-0.02081957983157423,train
0.012437602596843345,0.009950923762154229,0.0012422775203670966,0.0,0.03955673798274795,0.02887542715509106,0.01682732013252597,0.09935409084526192,0.16287673868706554,0.1276065026769082,-0.0015710922320408827,0.0,0.0,0.0,39.4,9.836666666666666,7.666666666666667,11.5,-0.001189254380623339,train
0.03586971896901803,0.016669257515547375,0.008059395784357548,0.0,0.009098796326801661,0.016258471437373245,0.02936206233684935,0.05363909450612869,0.10934907552802375,0.09440218942717227,0.0,0.0,0.0,0.0,39.93333333333333,15.853333333333333,7.3999999999999995,11.433333333333332,0.018477468485921023,train
-0.005625987232609653,0.00067034875216887,0.002931603555506257,0.0,0.02537900562207973,0.022742297678559176,0.025144181801024956,-0.0022363562325793396,0.021572485254127916,0.009043015656383435,0.00783089358054756,0.0,0.0,0.0,39.96666666666667,16.569999999999997,7.433333333333334,10.833333333333334,0.019404726680360085,train
0.006390720795270699,0.00363536295904332,0.003065136499376564,0.0,0.014688726545655229,0.02038233190262062,0.02121799309484551,-0.006835413724489925,0.026327206906329614,0.03102168992196308,-0.006259801348506677,0.0,0.0,0.0,40.1,17.78,7.3999999999999995,10.833333333333334,-0.007438353150345023,train
0.0004589484327546245,-0.0023251093103406895,-0.000142102127943744,0.0,0.0042243667608321545,0.0211481980557231,0.028324333577140592,-0.11193760129031993,0.12869417389017235,0.11915583031619681,-0.0031446566794715025,0.0,0.0,0.0,39.833333333333336,17.576666666666664,7.3999999999999995,12.200000000000001,0.011903887506921507,train
-0.030298649331232053,-0.0011354539395904695,-0.006382580393474058,0.0,0.022462447262890706,0.028602267556862238,0.010683862308312975,0.045653507185605235,-0.11030454201470574,-0.08484224232701632,0.0015735644474306199,0.0,0.0,0.0,39.4,13.586666666666666,8.233333333333334,12.766666666666666,-0.010955763120232831,train
-0.00736996828876757,0.006156725029308863,-0.005084691287409626,0.0,0.013645879246579895,0.017504681854977555,0.006355953600698072,-0.11051229765478343,0.010152371464017929,0.024298314478751415,0.0031397200046674456,0.0,0.0,0.0,38.666666666666664,14.226666666666667,8.833333333333334,12.233333333333334,-0.01565840182690792,train
-0.01856121881704098,-0.0018546429333796688,-0.006311758678616997,0.0,0.010784197976814625,0.021869383691448974,0.023996978311350503,-0.01037868218586091,0.031252543504104224,0.015651901699194948,0.001566171032744812,0.0,0.0,0.0,39.13333333333333,14.513333333333334,9.433333333333334,12.4,0.004551397941380486,train
-0.014931557469314516,0.015513111322328133,-0.007618105740915482,0.0,0.02078801085431614,0.017588120301286203,0.007190580545354486,0.1098380118221014,-0.14741351878861986,-0.1349793392069527,0.0031250025431353023,0.0,0.0,0.0,39.06666666666667,11.006666666666666,9.9,12.233333333333334,-0.0038299934280559,train
-0.020080949476672938,0.016653362862936838,-0.004630418379278467,0.0,0.038429114166286915,0.025238435484397748,0.0,0.12953626916223548,-0.15766847536402562,-0.08968461108245895,0.0,0.0,0.0,0.0,38.96666666666667,9.286666666666667,10.666666666666666,11.0,0.00040000786581018133,train
0.020573513029416013,0.011227913730412542,0.0035870746487471905,0.0,0.032735469088875924,0.055764108097802634,0.004085807522580254,0.08596490064739992,-0.0028503582243564196,-0.00848901532491153,-0.006259801348506677,0.0,0.0,0.0,39.4,8.653333333333334,10.366666666666667,11.0,0.013091830874991217,train
0.024702587600934578,0.02162261253679265,0.010395881713057165,0.0,0.026947136246979753,0.018827208358213277,0.013164747091210849,0.0911409318134293,0.031837895097608815,0.0008521517345663199,0.009375068665456787,0.0,0.0,0.0,39.93333333333334,8.803333333333335,10.133333333333333,9.799999999999999,0.02250016454491366,train
0.040982395310877884,0.01210302217124326,0.01352713876421241,0.0,0.017309637535091404,0.014359518617636624,0.010010093595100855,0.00474552702239972,0.07114110002524132,0.05227237200444623,0.0,0.0,0.0,0.0,40.4,9.459999999999999,9.366666666666667,9.5,0.01979237830682834,train
0.017075622133396084,0.021149627268331805,0.010715342037805442,0.0,0.016631595892941498,0.01916049773907602,0.009910883899453715,-0.016825617404682802,0.015332497978585824,0.016038836197759476,-0.00311526731695011,0.0,0.0,0.0,40.56666666666667,9.43,8.533333333333333,10.033333333333333,0.020647198274003742,train
0.029031222279501723,0.0013399368819038138,0.012916332299701239,0.0,0.018997531826311587,0.024054943564935094,0.014684551682920599,-0.04309288842516512,0.04058528011507834,0.0,0.0,0.0,0.0,0.0,40.800000000000004,9.686666666666667,7.866666666666667,10.966666666666667,0.019359297100569606,train
0.01497329220863497,0.01916559554381303,0.011175798035129247,0.0,0.016424408032801985,0.01817693486875438,0.0077444723954780414,-0.02778276328586049,0.09590032440687546,0.07507352472355411,0.007770046861931945,0.0,0.0,0.0,40.699999999999996,10.556666666666667,7.433333333333334,11.133333333333333,0.017130055100595953,train
0.0008305159965837916,0.007160578287801034,0.009113816422166465,0.0,0.005354023682284215,0.013140675689801817,0.009597002641009489,0.08141303177566694,-0.079796916840297,-0.06793913060967993,-0.0031007776782479013,0.0,0.0,0.0,40.53333333333333,11.39,7.433333333333334,11.6,0.00959393118098717,train
0.0035750925892239493,0.01252891266684486,0.007970750109704383,0.0,0.015529680878347385,0.0272496424473756,0.007611835039630144,-0.009877063141404463,-0.0849803303027481,-0.04276569376007133,0.0031007776782479013,0.0,0.0,0.0,40.46666666666667,9.266666666666667,7.3,11.133333333333333,0.008174229219141793,train
0.0040855929839658245,0.01165022718011155,0.007618630365149315,0.0,0.026830441477269318,0.02559742549536992,0.012246973609973288,0.08694042716503603,0.0308243582003751,0.03483543808409362,0.00463321292148855,0.0,0.0,0.0,40.266666666666666,8.476666666666667,7.233333333333333,9.233333333333333,0.009643147316147349,train
-0.0012109696348376886,0.008822672948135324,0.0063509922635009985,0.0,0.027332191446657994,0.01941971131172071,0.006532921041622508,0.0514142388317369,-0.15471295141924335,-0.13809136404621736,-0.00463321292148855,0.0,0.0,0.0,40.46666666666667,7.923333333333333,7.3,10.133333333333333,0.008766200074861175,train
0.0016719926950665709,0.030940348676769425,0.005994780208501638,0.0,0.035428806603642116,0.017991859323960746,0.005565877077445158,-0.02509009565662179,0.020458580091099687,0.011812949726710542,0.00463321292148855,0.0,0.0,0.0,40.53333333333333,7.8999999999999995,7.2,8.166666666666666,0.015157260373827697,train
0.009980886214172813,-0.0020171464227400904,0.005735978382002571,0.0,0.026982259906931816,0.014428865057891649,0.012867824611393353,0.11790899767429242,-0.11321297358334759,-0.08578030457020969,0.001539646185592325,0.0,0.0,0.0,40.76666666666667,8.103333333333333,7.033333333333334,8.9,0.007406991828691645,train
-0.008671865162114045,0.001945175498962115,0.0032904258134038855,0.0,0.021863154407546048,0.016318120588068474,-0.0036596564175308544,0.11418330710035196,-0.17414771046778776,-0.12123386481411647,0.0015372793188870304,0.0,0.0,0.0,40.7,7.826666666666667,7.033333333333334,9.299999999999999,0.009294151553612906,train
-0.0011286785647923736,0.009883343359137875,0.002231321190906854,0.0,0.041888513195495136,0.027988826086263074,0.0027459971488559276,0.05431861722176912,0.002567395505245873,0.014341117270657566,0.004597709248629123,0.0,0.0,0.0,40.63333333333333,6.919999999999999,7.166666666666667,9.466666666666667,0.004492855545075614,train
0.0072052436076415205,0.033015088948285864,0.007825685754418998,0.0,0.039767851459044046,0.023821487519476214,0.005469475804535939,-0.029063994944652727,-0.0459097013040779,-0.02663864508106384,0.0,0.0,0.0,0.0,40.666666666666664,6.206666666666666,6.966666666666666,8.433333333333334,0.009521209453502877,train
0.017691486856068472,0.0035103453467817403,0.005737307636161759,0.0,0.05284141169950285,0.022314577256409507,0.007246408520766856,0.042466632284272166,-0.04671178857631886,-0.046038049202557385,-0.0015302221807678151,0.0,0.0,0.0,40.699999999999996,6.266666666666667,6.833333333333333,7.8999999999999995,0.005349594167116223,train
0.01104837188215324,-0.005419818521424258,0.006495686612332463,0.0,0.012478735805945718,0.009376721929801768,0.012556218775412908,0.16249964532844707,0.019499225051433866,-0.015430573226645539,0.003058106358821533,0.0,0.0,0.0,41.0,6.22,6.599999999999999,8.566666666666666,0.007391067993541611,train
0.017779910296638946,0.00951111252700887,0.0072489778879720745,0.0,0.012728675578446591,0.007561130753470202,0.011519843832861199,0.03001873429456481,0.14723023698268456,0.10870420160088967,0.0,0.0,0.0,0.0,40.9,6.6499999999999995,6.266666666666667,6.3999999999999995,0.010724067520746061,train
0.018206921024710887,0.007748013721403879,0.007303977285566532,0.0,0.005902888081779523,0.008934237142322665,0.01051718721386763,0.05574219047296314,0.11460338273900383,0.0882623824248765,0.0,0.0,0.0,0.0,40.9,6.843333333333334,6.0,7.033333333333334,0.0086343963330755,train
0.02369198773167902,0.008182447852614239,0.009830042123414984,0.0,0.0034717620663791138,0.00956298725598792,0.007815932102952061,-0.27951371896162946,-0.046722240104742685,-0.006899978089996761,0.003048782849358389,0.0,0.0,0.0,41.03333333333333,6.916666666666667,5.833333333333333,8.166666666666666,0.01702383733255708,train
0.007267085476531321,0.018108699148496665,0.007955843068755186,0.0,0.015344216396716348,0.022494870265210132,0.007755316767478426,0.09789460441697884,-0.07145896398214502,-0.07387973981220819,0.0,0.0,0.0,0.0,41.03333333333333,6.663333333333334,5.7,8.1,0.005155512880753221,train
0.006663033323621725,0.005627996476333941,0.007978499535619576,0.0,0.02142799992083866,0.016366528195312036,0.012793351459909452,0.018438816239291,0.0636420620905338,0.04884087539437232,0.0015209128407063233,0.0,0.0,0.0,41.03333333333333,7.156666666666666,5.466666666666666,8.466666666666667,0.013054737675524564,train
0.002018957351622497,0.004178477109190837,0.006501425859610777,0.0,0.006914240093476742,0.006276206716332666,0.01263174690590052,-0.010072351725551876,0.006703935722190302,-0.0040650462481695016,0.0015186031771898811,0.0,0.0,0.0,41.0,7.983333333333333,5.466666666666666,8.6,0.005842595204775591,train
0.01123660115641023,0.01611191681644719,0.008313380680435856,0.0,0.0038206872763781874,0.010529777195193546,0.009991756731920098,0.031389158547923124,0.01437282895775871,-0.025787916901511387,0.003030305349179585,0.0,0.0,0.0,41.03333333333333,8.47,5.333333333333333,8.433333333333334,0.013236569374035057,train
0.0010079607201287644,-0.0009671700286455476,0.006740687189189742,0.0,-0.00471428534439422,0.0038410842329295036,0.012350918634009389,0.056929031264771446,0.02707257921763384,0.02374918021166339,0.003021150334175715,0.0,0.0,0.0,41.13333333333333,9.443333333333333,5.2,8.933333333333334,0.010112643926211362,train
-0.005927062399895711,0.006707910668248829,0.003765399908155942,0.0,-0.012207025977682306,0.00935702626300916,0.015428645473066105,0.10070958763494886,-0.12260232209233246,-0.07410797215372211,0.003012050469991756,0.0,0.0,0.0,41.0,9.726666666666667,5.233333333333333,8.133333333333333,0.007602027800347244,train
-0.0030823061096496573,0.01064416181076755,0.0031608743668734007,0.0,0.00964947982656561,0.02111051535372077,0.005624763724766169,0.07037108503238088,-0.010929070532190277,-0.009939341902557963,-0.001504891179419765,0.0,0.0,0.0,40.86666666666667,9.083333333333334,5.233333333333333,7.833333333333333,0.007380056517089173,train
0.007493822602905986,0.00806141956303863,0.004300091798988603,0.0,0.015121960438666981,0.019215963572431605,0.011947573421117852,0.00357090794309034,-0.043675063502661704,-0.01678830700325662,0.001504891179419765,0.0,0.0,0.0,40.666666666666664,8.613333333333333,5.366666666666667,8.200000000000001,0.0019678730209609085,train
0.008939211197983354,0.0032858622504847723,0.007360109389296099,0.0,0.010787861771254903,0.011856475410860767,0.018046782447073362,-0.02942411778438725,0.09135990163384777,0.05596633163334097,0.003003005259770042,0.0,0.0,0.0,40.56666666666667,8.25,5.3,8.233333333333334,0.010869532462091769,train
0.0037994881407970027,0.004357487062083276,0.0019135273960344534,0.0,0.009066695656653856,0.007370657060553398,0.01005811187303518,0.062756837333521,-0.012888286192352272,-0.01180904759224255,-0.004507896439189807,0.0,0.0,0.0,40.56666666666667,8.243333333333332,5.333333333333333,8.666666666666666,0.003623128836839129,train
0.0018141279554892975,0.0018705968499883596,-0.002990356512418302,0.0,0.013996545251696801,0.012646458916025338,0.01981772174972285,-0.13331415892538523,0.04721659972200154,0.03188367840522188,0.0,0.0,0.0,0.0,40.53333333333333,8.16,5.7,8.299999999999999,0.0006655952356169337,train
-0.026023393496616976,-0.010185002682307598,-0.003237462245133216,0.0,0.005471470881350804,0.0052709119335556665,0.012748579111304892,0.041432700827127356,-0.09553517699280922,-0.05482296935147524,0.0,0.0,0.0,0.0,40.300000000000004,7.743333333333332,6.133333333333333,8.233333333333334,-0.009145740648071055,train
-0.01644816640788349,0.008813573895928517,-0.005511275293999418,0.0,0.01683339015105645,0.015196616212101333,0.004460973940624946,0.12434750098431291,0.0037059955943172795,-0.013348362823426996,-0.001507159290571991,0.0,0.0,0.0,40.1,6.426666666666667,6.6000000000000005,8.833333333333334,-0.004690389148507279,train
0.020075707444365598,-0.0006031927799758918,-0.002194580821592851,0.0,0.021234724979632524,0.008990440849229842,0.008862687257845892,0.016025454338483236,0.020745100269846883,0.008918676731838548,-0.0015094342488541912,0.0,0.0,0.0,40.233333333333334,5.863333333333333,6.833333333333333,8.733333333333333,0.0077666518940624485,train
0.010687011139077995,0.003820999353487231,4.615420119336022e-05,0.0,0.0150605256257208,0.0008946144808508194,0.0073260400920727164,0.023268455886882755,-0.0791373205587238,-0.045410753180607166,0.0,0.0,0.0,0.0,40.56666666666667,5.6433333333333335,6.866666666666667,8.666666666666666,0.005040860353405563,train
-0.0070046018533602705,0.0024014088757970953,-4.615420119336022e-05,0.0,0.03090753746307673,0.005143386641627501,0.008720985505444645,0.0033826537493952813,-0.07602030729440834,-0.03546470957228243,-0.003025720916537189,0.0,0.0,0.0,40.63333333333333,4.816666666666666,7.1000000000000005,9.433333333333334,0.0034793883481079035,train
0.010273147566033813,0.017422757676592404,0.0003414906561651776,0.000855338457835586,0.04330719815628914,0.00935648271457623,0.006491187595827341,0.047388337069124375,0.06153684147582883,0.004801929995407406,0.006042314455963371,0.0,0.0,0.0,40.666666666666664,4.023333333333333,7.366666666666667,9.666666666666666,0.011901418421425447,train
0.01135888032756327,0.0086995774046712,0.0031233757822679564,0.028094103209808097,0.018615027208123358,-0.0030894644496175516,0.007163354413564527,0.0022313855754259038,-0.037842353183160204,-0.015691329794675468,0.004507896439189807,0.0,0.0,0.0,40.833333333333336,3.7699999999999996,7.6000000000000005,9.866666666666667,0.0107846685927111,train
0.006850498668201865,0.012292447076708513,0.0022512494748543332,0.004956090020415971,0.03470461032465977,0.004967895338603867,0.007112405515806941,0.024682412379464225,-0.1229617111348349,-0.03717900324175405,-0.003003005259770042,0.0,0.0,0.0,40.766666666666666,3.2566666666666664,7.633333333333333,9.233333333333333,0.009832602998745443,train
0.012201431849493183,0.011631948523157742,0.005044574059175133,-0.0027160581867811118,0.036667628089649185,0.004213612671669864,0.008468646237037802,0.040192901215164056,0.053082969222313814,0.007547205635382692,-0.003012050469991756,0.0,0.0,0.0,40.86666666666667,3.0366666666666666,7.366666666666667,8.766666666666667,0.010374553723314861,train
0.007763022634200922,-0.002303762845370372,0.004573914837699533,0.02273215221747016,0.013086020112308638,-0.0038031758438616947,0.007002829738319782,0.03277727701245681,-0.12408051896164318,-0.05142521180743698,-0.0015094342488541912,0.0,0.0,0.0,41.0,3.0399999999999996,7.133333333333333,8.700000000000001,0.001668045262061213,train
0.0012004720112894773,0.0138214059820716,0.006686442785570179,-0.013076547347198542,0.03473261354135637,0.00895820174913986,0.006954130945699077,-0.004666314386501114,-0.0033500868852820442,-0.03353768375572019,0.004521484718845947,0.0,0.0,0.0,41.13333333333333,3.0,7.066666666666666,8.2,0.005804828773424475,train
0.006778136460217965,0.011636354359510381,0.0063549428507148065,0.02456866411363734,0.026707410358762118,0.00284280642819823,0.004839276640749013,0.024636436633149295,-0.10610650599454763,-0.09585603134626242,-0.004521484718845947,0.0,0.0,0.0,41.166666666666664,3.06,6.8,7.3,0.004760200474761334,train
0.017767928822581602,0.00786734913637277,0.007838340552300593,0.03487532931401205,0.02274249688903307,0.006438874801792949,0.008925565605504282,0.014506010873138742,0.07370810543729744,0.039740328649514156,0.0030165935394261822,0.0,0.0,0.0,41.333333333333336,2.99,6.633333333333333,7.133333333333333,0.013509823020076084,train
0.013606301903836382,0.010847204000084432,0.008157158321900226,0.048402635721537024,0.009252390100696672,0.0016104452334619879,0.005453319581313565,-0.004598281585397324,0.11604842984417507,0.07637297878457394,0.001504891179419765,0.0,0.0,0.0,41.333333333333336,3.2133333333333334,6.566666666666666,6.7,0.009656852032588148,train
0.017215083688336463,0.00837689433285016,0.008739131773436881,0.0024666416521679224,0.004463316384285321,-0.00017242370293857334,0.005423742109361918,-0.01955557347733361,0.09137427368308648,0.06345170081573803,-0.001504891179419765,0.0,0.0,0.0,41.766666666666666,3.94,6.2,6.866666666666667,0.013460821575336013,train
0.011151912453977175,0.007397985793986539,0.008776229064537233,0.03800198809419264,0.005833458708501382,0.0018950275568858643,0.00942133482839047,0.026324788452728676,0.049460630168399744,0.045378723568531676,0.0030075210639548544,0.0,0.0,0.0,41.699999999999996,4.486666666666667,6.0,6.666666666666667,0.005828824899406726,train
0.02499198011677617,0.0095896081462854,0.00802009311400198,0.03416229892387257,-0.001042300103048177,8.605234856418065e-05,0.0053440340942714215,-0.0255319288477871,0.045849549635925246,0.0142859572474765,0.0015003753752349525,0.0,0.0,0.0,41.8,5.166666666666667,5.633333333333333,6.966666666666666,0.011390581866788096,train
0.002232150051213466,0.0033594964819818607,0.00629823346583791,0.023968310476194077,-0.0034822007851538217,0.0013471875917865361,0.00730172510601701,0.08011197974152129,-0.08132393782958514,-0.041019019444545446,0.0,0.0,0.0,0.0,41.666666666666664,5.81,5.466666666666666,7.466666666666666,0.0035415264608129604,train
0.006480032627106169,0.013543238895497467,0.0032707256771633553,0.007832614886787326,-0.002182549209830853,0.01642082351612295,0.007905179507113225,0.08955271755069827,-0.15438218810471316,-0.1064558060192411,-0.003003005259770042,0.0,0.0,0.0,41.1,6.02,5.666666666666667,6.766666666666667,0.002978787465089283,train
0.013004606439824151,0.00450995659162956,0.004949747310384112,0.061126067450242516,-0.001924591618472249,0.014879312406517187,0.004582659411092038,0.07052509260174755,0.0048504541337495155,0.0027359798188746343,0.0015026298845350894,0.0,0.0,0.0,41.199999999999996,5.796666666666667,5.666666666666667,6.7,0.008471272260706542,train
0.004337722906810448,0.01074162642980081,0.0038273021088262027,0.0018548848189272604,-0.012778318839122171,0.007577889020113915,0.005211738181195358,0.060027085889057474,-0.08233026838312707,-0.07075085611784937,-0.0030075210639548544,0.0,0.0,0.0,41.13333333333333,5.72,5.566666666666666,6.466666666666666,0.006767866746930196,train
0.007564038506057358,0.00796350592588535,0.0056211881686323295,0.010456067840163286,-0.004355368868734999,0.015691098819761606,0.010342690774455043,0.051537373471242987,0.09355733097691044,0.07484084136937441,0.0030075210639548544,0.0,0.0,0.0,40.699999999999996,5.363333333333333,5.533333333333334,6.5,0.007462586731000087,train
0.024940180124628952,0.00614638744506113,0.006516972998470649,0.017877269647776473,-0.006613662501838924,0.009609489013506334,0.007687417742686442,0.03257305456065396,0.09719328313474929,0.04781787435049312,0.0015003753752349525,0.0,0.0,0.0,41.333333333333336,5.243333333333333,5.5,6.3,0.016541866808907457,train
0.01149861343849956,0.006824054057663176,0.005246295915306121,-0.007104098121692104,-0.01718410739424403,0.008266610299008548,0.006361344607017649,0.009508153896599758,-0.011644964196879881,-0.006506203822738144,0.00299401421260459,0.0,0.0,0.0,41.5,5.306666666666667,5.266666666666667,6.433333333333334,0.008930342932712776,train
0.015827527314542955,0.009407015236473804,0.006152133106455793,0.031928511495371126,-0.013685632660524583,0.017221767422192613,0.008838441374748207,0.09648812747135871,-0.08077504018521187,-0.06193095773049051,0.0014936522567827737,0.0,0.0,0.0,41.53333333333333,5.28,5.333333333333333,6.133333333333333,0.010330155049368628,train
0.019777767333574836,0.009507589090632429,0.006975605539100371,0.05616184984270056,-0.008171649149319116,0.011094152695095616,0.004390097988433261,0.06372654242276887,0.060064240742650155,0.0474665372389238,0.001491424586670398,0.0,0.0,0.0,41.6,5.276666666666666,5.233333333333333,6.0,0.006433691338076031,train
0.011281312040699376,0.005494706838440777,0.0067400288649572815,0.023587239382727887,-0.0059852418457424506,0.01153581646216395,0.002500001302085053,0.10093502571432644,-0.030351343424138477,-0.018717123952937786,0.0,0.0,0.0,0.0,41.699999999999996,5.523333333333333,5.0,6.333333333333333,0.01651505100267414,train
0.027578464209869757,0.015551572636216981,0.006160958807788219,0.0050323796270017596,0.000750117240985837,0.017032813958021364,0.006222795438268314,0.06701646141536344,-0.04410163477061113,-0.035718082602079315,0.0,0.0,0.0,0.0,41.666666666666664,5.533333333333334,4.866666666666667,5.8,0.012408386319378906,train
0.020921582459941135,0.014884320586619815,0.007850953578881104,-0.0031454313001102463,0.0050486270286844714,0.014939073733671648,0.0037151745518642088,0.026685069766545055,-0.06658032508156775,-0.05608946665104364,0.0014892035514675328,0.0,0.0,0.0,41.86666666666667,5.506666666666667,4.666666666666667,6.033333333333334,0.008502355049371246,train
0.006342864906340395,0.010019136436482334,0.0049336540962947595,-0.002863479942023517,0.004280669108735147,0.019982990156600877,0.001235330607991969,0.11238044100838085,-0.027925025705469952,-0.0059347355198144935,-0.0014892035514675328,0.0,0.0,0.0,41.699999999999996,5.52,4.633333333333333,7.033333333333334,0.009987489886350787,train
0.003978440427879981,0.019149021921361253,0.007252032849768497,-0.02376646949769423,-0.0005573100645825946,0.016822916747839756,0.004926118336056717,0.028888656865437845,-0.02690745291992447,-0.02868121124671852,-0.001491424586670398,0.0,0.0,0.0,41.36666666666667,5.5,4.3999999999999995,6.666666666666667,0.009214296481921735,train
0.016106586449803117,0.012602229953508015,0.005284404354775063,0.0028285992649657032,0.003339210968461792,0.019783413384182325,0.004290536768867703,-0.08247820801678785,-0.13405100812075554,-0.02010895292271342,0.0029806281381379307,0.0,0.0,0.0,41.36666666666667,5.533333333333334,4.533333333333333,6.3999999999999995,0.01251081507693641,train
0.010574721523769703,0.014210724092031946,0.006691881117218301,0.015466909858393052,0.013885919011887182,0.02496861282869567,0.005489492284771913,0.15356620048258307,-0.03382986451840475,-0.02852808361453829,0.0,0.0,0.0,0.0,41.43333333333333,4.86,4.433333333333334,5.8,0.015963862490524505,train
0.012640377444771644,0.008656448052878574,0.0049955347429175845,0.004061552663550572,0.001460120719346314,0.012942666079936771,0.0024301348532915767,0.07416308437112828,0.11754405847756666,0.062325463197828945,-0.0029806281381379307,0.0,0.0,0.0,41.333333333333336,4.733333333333333,4.3,5.8999999999999995,0.009350485127447072,train
0.007813955437883102,0.01477639971869582,0.006606635304990505,0.01396788823463524,0.0029138611037664575,0.016867276834094724,0.007255170881172113,0.03140459223991954,0.12054107283484217,0.08814366622175651,0.001491424586670398,0.0,0.0,0.0,41.333333333333336,4.746666666666667,4.266666666666667,4.466666666666667,0.008312781849570072,train
0.005731484436183543,0.011913022260788608,0.005308003422861418,0.04793775606506934,-0.0030050562157715177,0.013396992190985557,0.010785005676562598,-0.003317903173793546,0.0033840979842405527,0.02188869878943711,-0.001491424586670398,0.0,0.0,0.0,41.43333333333333,5.093333333333334,4.233333333333333,4.133333333333334,0.013171703285781433,train
0.02466809383537072,0.01899816125478182,0.007768102496651608,0.029015859815537226,0.02316775545892913,0.01531290441985611,0.00594178812875068,0.08050795047377068,0.059033531584193,0.021419828300822896,0.001491424586670398,0.0,0.0,0.0,41.4,5.306666666666667,4.066666666666666,3.9333333333333336,0.016273535671066597,train
0.005298852855355918,0.011844718776219842,0.006257952408690315,0.02206541357815439,-0.013185821397581066,0.015485284301471225,0.012948974340803332,0.00942465520657354,-0.0031897953681001567,0.017071983898647503,0.00297619267304583,0.0,0.0,0.0,41.46666666666667,5.676666666666667,4.033333333333333,4.1000000000000005,0.003621369008051545,train
0.009029070190836208,0.005579648084557576,0.003481667889170481,0.03917051525350779,-0.004434195763707294,0.013051960135891605,0.006993035490969746,0.013598917357099616,-0.025891413932741747,-0.0013029317804162943,-0.00297619267304583,0.0,0.0,0.0,41.36666666666667,6.273333333333333,3.9333333333333336,4.3,0.01804901034497952,train
-7.528282146296306e-05,0.014050807465152637,0.002072617988549297,0.013667293072378683,-0.002633611838694705,0.016949558313774205,0.00809721023262,0.004160338335066349,-0.050430853626891814,-0.006540245680609846,-0.0029850768434531716,0.0,0.0,0.0,41.233333333333334,6.52,4.0,4.533333333333333,0.0010188067037173454,train
-0.006882150963169131,0.004872934898112469,0.00285980734648561,-0.020016868294435497,-0.010144948316789026,0.014801758566173717,0.005743841179251419,-0.09806014788514172,-0.1015364192194228,-0.05530741840169706,0.0014936522567827737,0.0,0.0,0.0,40.833333333333336,6.473333333333334,3.9,4.233333333333333,0.005952635784890248,train
-0.013358046240536048,-0.00011404946908033509,0.00026368626008377305,-0.02001109446901239,0.01847606595907081,0.029435061178624267,0.008554372096658547,-0.11541774451737474,-0.0691291948461703,-0.03242003452257647,0.0029806281381379307,0.0,0.0,0.0,40.56666666666667,5.593333333333334,4.233333333333333,4.666666666666667,-0.0032833724491432292,train
-0.01367796937530752,0.004225388456085888,-0.003403121929450137,-0.03782651905298806,0.015480600861347504,0.020537245820049677,0.009044719658445999,0.043611067738356546,0.07673379423138971,0.028250466285851594,-0.007468294607525294,0.0,0.0,0.0,40.36666666666667,4.326666666666667,4.3999999999999995,4.433333333333334,0.006225609914771724,train
-0.01265111884130743,-0.005038367641530428,-0.004067216840418553,-0.07775588322581761,0.0682111773027474,0.03322501675731715,0.0022484551350103743,-0.17039474034341318,-0.11000089521432854,-0.0013937284486038592,0.0014981276210219718,0.0,0.0,0.0,40.36666666666667,3.4966666666666666,4.833333333333333,6.266666666666667,-0.004014439041817752,train
-0.009238189347061443,0.02072993546773816,-0.0059373104926905285,-0.02172879161562058,-0.0188376787266753,0.015821590547256292,-0.003938120420137636,0.09166735745162491,0.07335262805858966,-0.057404567687345365,-0.0014981276210219718,0.0,0.0,0.0,40.1,2.1333333333333333,5.5,3.3333333333333335,0.002743986302357726,train
0.0139606222187032,0.005366277887522308,-0.0019946129155492542,0.0321759849066936,0.00849994597902004,0.011240694093451964,0.006181531344214619,0.00770953609878422,0.03664826715573888,0.005891033237237275,-0.0015003753752349525,0.0,0.0,0.0,40.300000000000004,1.7333333333333334,5.7,5.5,0.008328805568895703,train
0.017095649869487417,0.004798234139939517,-0.000367258875725085,0.039283422298472814,0.0,0.009280683149230029,0.006143554648406102,-0.12910279703149907,-0.06858710966357151,-0.026787315963649805,0.0,0.0,0.0,0.0,40.63333333333333,1.75,5.833333333333333,5.866666666666667,0.006108371693470005,train
-0.0005844754664643403,0.003425086558552337,-0.0013171196807189034,-0.0009099072761884486,0.0023436856798086936,0.01943782444547182,0.006659292089977065,-0.15573041960104295,-0.24208448101290836,-0.07515272237934445,0.0015003753752349525,0.0,0.0,0.0,40.46666666666667,1.74,5.733333333333333,5.433333333333334,0.004056874047378756,train
-0.0020748877105356556,0.013448204648710771,-0.0002835607586231248,-0.023131313337128034,0.019948515662333577,0.020469700970588534,0.005515733785301791,0.03550654357094185,0.040511868916901284,0.009708814126960785,-0.006015055729761798,0.0,0.0,0.0,40.4,1.4433333333333334,5.866666666666667,5.5,0.001235287243973815,train
0.007040855304198068,0.0023641315358986503,-0.0017644807032866083,0.01917076952682173,0.015531924353076043,0.015282153215679273,0.01148494986689741,-0.060228016404864526,-0.05613718681998203,-0.052904898281892265,0.0,0.0,0.0,0.0,40.333333333333336,1.25,5.866666666666667,5.133333333333334,0.005252600765849991,train
-0.004970380028344046,0.013265404354005916,-0.0003763137425796259,0.023965835640899158,0.03309431882590541,0.022544044405576003,-0.004359679929811122,0.1544242441950212,-0.13465688514625707,-0.16983615755495785,0.003012050469991756,0.0,0.0,0.0,40.199999999999996,1.2466666666666668,6.133333333333333,5.133333333333333,0.008817230452867975,train
0.009367729432763205,0.01040489526626942,0.0005068384906419254,0.020844011957782627,0.01256707253642908,0.012829283966523164,0.010863767898987575,0.03133272083689853,0.24864152324818045,0.14054896528316907,-0.006033200804167471,0.0,0.0,0.0,40.26666666666667,1.0166666666666666,6.133333333333333,5.5,0.016495202585943503,train
0.00820939483702432,0.008656691694675978,0.0025839510468586013,0.04557198693269271,0.00691406303539388,-0.0009709138048261678,0.00215866246803742,0.05829436140486166,0.0,-0.017637141486106733,-0.003030305349179585,0.0,0.0,0.0,40.733333333333334,0.9966666666666667,5.833333333333333,5.0,0.011540367047402356,train
0.003526176479426546,0.010963488991970749,0.004210468186654381,0.06057356683635007,0.01707886212870502,0.013751371481180996,0.008588351232554636,0.03932471382422609,-0.10874902404797826,-0.05298042572784656,0.00151630051796392,0.0,0.0,0.0,40.93333333333333,1.0033333333333332,5.7,4.566666666666666,0.0056505202389018905,train
0.0030724110763555856,-0.000715033279511168,0.004974642676220498,-0.009704980578234768,0.010481491481400873,0.019299719321399067,0.009574541227419964,0.007780225346261993,0.21106039931128695,0.12007351036936309,0.001514004831215665,0.0,0.0,0.0,40.86666666666667,1.01,5.599999999999999,5.033333333333334,0.007719649918941585,train
0.009385030761189128,0.018886229633867657,0.0022358402996154325,0.030934593828570556,0.014638735458736285,0.011765679942048024,0.004753111668363452,-0.013420804448366574,-0.13564779553090034,-0.09597595879030263,-0.004548908526369466,0.0,0.0,0.0,40.766666666666666,1.4333333333333333,5.433333333333334,4.5,0.009441229885171154,train
0.01891190918916319,0.010675602953560848,0.004087358694951249,0.03968510911503742,0.009859491955889865,0.011317597146145886,0.00996076387577105,0.07042880991832767,0.02392458608524528,0.0018298266770762073,0.0015186031771898811,0.0,0.0,0.0,40.56666666666667,1.95,5.433333333333334,4.5,0.010150391321133156,train
0.009470745399023706,0.003919127435350056,0.0039430566092466535,0.022283222195818908,-0.003713281051433981,0.00369772343521646,0.007276539382869984,-0.003602029222593117,0.06187540371808753,-0.012879662863660934,0.0,0.0,0.0,0.0,40.6,2.47,5.3,2.5,0.011032550529236573,train
0.007537445128138032,0.013863957775627433,0.0059453118192607235,0.018253464895963134,0.006688501852138984,0.009784028666356193,0.0031023809784818113,0.006136838615115714,-0.1177830356563836,-0.08499321283339278,0.003030305349179585,0.0,0.0,0.0,40.4,2.9433333333333334,5.1000000000000005,2.2333333333333334,0.004914150308623633,train
-0.019481506711200858,-0.0012287377198330063,0.004499076490363407,0.0011485184908721635,-0.001087468842442263,0.014998223499228303,0.02598872380952333,0.01948988123595985,0.04879016416943216,0.03369991844584219,0.0,0.0,0.0,0.0,40.56666666666667,3.4599999999999995,4.966666666666667,1.8,0.007807581701131383,train
0.02839353959293689,0.009529590758874384,0.0045011217549362215,0.06035010800611751,-0.0031239808907459476,0.011686188686837795,-0.003527340517968547,0.02906742660227657,0.062303883336154664,0.0457222493380951,-0.001514004831215665,0.0,0.0,0.0,40.9,3.98,4.966666666666667,2.466666666666667,0.0055397923720761355,train
0.004250215040999983,0.009366517002049157,0.006482395292492171,0.04297391830270847,0.00645514480827547,0.01211271320806162,0.008044286717264093,0.024778468143506593,0.054420390971986476,0.02935990701347002,0.003025720916537189,0.0,0.0,0.0,41.03333333333333,4.456666666666667,4.733333333333333,3.1666666666666665,0.013364138447713003,train
0.006447602216106851,0.0040013918375594315,0.0021955034059963907,0.03234448528236733,-0.0056550574833451606,0.012113707240695604,0.010460867497739557,-0.03185832399134014,0.07939060461814917,0.0630681821292518,0.0,0.0,0.0,0.0,41.2,4.906666666666667,4.633333333333333,2.966666666666667,0.0025841857488995146,test
0.0022034300158626507,0.00848476753429317,0.0035802837306011526,0.010738543160975667,-0.008029826341245716,0.014575532229393673,0.0049431637975194676,0.050245544907562056,-0.07939060461814917,-0.06669137449867213,-0.001511716085321524,0.0,0.0,0.0,41.199999999999996,5.246666666666667,4.633333333333334,2.4,0.0014984360400802643,test
0.00857383851222604,0.01045211821308012,0.0030867487794399295,0.03752922167002737,0.0016111318021874155,0.018201108192478443,0.0014781968693107217,0.0722121332700052,-0.03448617607116922,-0.035091319811269894,0.004528309624747706,0.0,0.0,0.0,41.06666666666667,5.246666666666667,4.433333333333334,2.566666666666667,0.008557775565416037,test
0.007768218762660872,0.0028425159332385874,0.003890447144847542,0.038393176759434766,-7.31769785549119e-05,0.012366545169429699,0.010715402682971664,-0.006707031397814589,0.0,-0.0037664827954770885,-0.0030165935394261822,0.0,0.0,0.0,41.06666666666666,5.256666666666667,4.5,2.733333333333333,0.003003840617131104,test
0.008233089160270879,0.0024791097396050787,0.002073561394615453,0.025640539008714214,0.001243280958775017,0.016547140140991345,0.009434718318381385,0.07365289605004133,0.11191791620398539,0.08842547102682774,-0.003025720916537189,0.0,0.0,0.0,41.266666666666666,5.25,4.5,2.8333333333333335,0.006098982914680917,test
0.002943909459274252,0.008094248458753839,0.00021001633135142583,0.034064185074871745,0.005466685140052441,0.0170334984644942,0.006315845912237883,-0.01153762239727385,-0.12072854588614024,-0.008673081253428805,0.0,0.0,0.0,0.0,41.3,5.073333333333333,4.666666666666667,2.3666666666666667,0.005743731109307149,test
0.002845411288512345,0.0022420349687886088,0.0021410961039247667,0.03702681007472819,-0.0016732752803738649,0.009518830809401635,0.01380048188692129,-0.012023521946579407,-0.09752502013387776,-0.04453095481003566,0.0,0.0,0.0,0.0,41.199999999999996,4.496666666666667,4.8,2.1666666666666665,0.006262715512194816,test
-0.008304533100185196,-0.0011379968965323783,-0.000983177622266851,0.036437408976302876,0.011078640518758398,0.02456256889518116,0.009428325897372858,-0.11620415048869415,-0.15537093623248777,0.003636367643383709,0.001514004831215665,0.0,0.0,0.0,41.166666666666664,3.1766666666666663,5.0,2.8333333333333335,-0.004276775590032145,test
-0.014884648296655811,0.001630336339349725,-0.004051332006460129,0.07052733780301423,0.011384507019585044,0.009588821288593508,0.018635477830797775,0.018289597941921976,0.15537093623248777,0.0303866095682368,0.0,0.0,0.0,0.0,41.06666666666667,2.0866666666666664,5.333333333333333,4.6000000000000005,0.005936625931315831,test
-0.06445222044023069,-0.011610835861793234,-0.006849840963509379,-0.059399165757502814,0.04005279658480365,0.016457534799386053,0.006481207084882534,-0.09719513978151717,-0.10536051565782634,-0.005295687574710106,-0.001514004831215665,0.0,0.0,0.0,40.800000000000004,1.9400000000000002,6.0,3.533333333333333,-0.0052664238027837484,test
-0.032000529306254855,-0.007521427391779412,-0.014086762373874961,-0.15500911562886266,0.09126020386452716,0.0413441893351667,-0.034767315546457844,-0.3270154734236934,-0.42185891788384067,-0.11226730187108136,-0.003034903695153801,0.0,0.0,0.0,40.13333333333333,0.5066666666666667,6.866666666666667,5.566666666666666,-0.022133412739485436,test
-0.0471430505955821,-0.003710090904183616,-0.017603441015124233,-0.045834789352195315,-0.014337163146407761,0.021904185353914585,0.005175846022439146,-0.14761663842672856,0.1529693447814272,0.08535984895115689,-0.0030441423812277435,0.0,0.0,0.0,39.53333333333333,0.18333333333333335,8.266666666666667,5.7,-0.011413631359902254,test
-0.02225196203684643,-0.0002998015336315163,-0.011278971343276822,0.02589560715469119,0.049366047344383546,0.008655081721787639,0.010742347940285946,0.20146765669428746,0.276986783335033,0.019802627296179764,0.0015232295405214202,0.0,0.0,0.0,39.43333333333333,0.18000000000000002,9.299999999999999,6.8,-0.00178810721762801,test
0.030909994934336993,0.0030059362885186403,-0.005833420049659921,0.054359945533814624,0.0036706121785803347,0.0002718531536931579,0.004973875402559891,0.12034531227889289,-0.0899482366629396,-0.08944506035192679,-0.00917437627604123,0.0,0.0,0.0,40.0,0.15666666666666665,9.633333333333333,5.1000000000000005,0.0035057715471396023,test
0.011070416883716128,0.005628241846410198,-0.0033685343364560083,0.05971468743081232,0.016618901113173656,0.005962147532152073,0.006860472698313913,0.06111179794419819,0.0543767708780718,0.025025367566940293,-0.007710138425967905,0.0,0.0,0.0,40.43333333333334,0.12,9.933333333333334,5.333333333333333,0.010751135379244658,test
0.021419943697470245,0.00667218241934453,0.0004467139641590734,0.0377708777254675,0.0112199021167525,0.0013266260449835698,2.760524499834105e-05,0.036841577441625084,0.03825603115553666,0.0018993358036523134,0.00463321292148855,0.0,0.0,0.0,40.800000000000004,0.13333333333333333,9.833333333333334,5.3999999999999995,0.00483331022067901,test
0.01865259009220477,0.0069564474391548,0.004946702562568461,0.014756875740115305,0.011441971787092164,0.012197264022436372,-0.0007087759644273106,-0.061473677927311066,-0.15325742385004326,-0.07688514268821511,-0.00463321292148855,0.0,0.0,0.0,41.166666666666664,0.19333333333333336,9.633333333333333,6.2,0.009629349822608546,test
0.010391206605766534,0.006092624107639999,-0.0012957590628044358,0.03397024825379269,0.019784509466877154,0.010445825606892,0.004941751699254482,0.03511765289622737,-0.18859116980755009,-0.07442328037011303,0.0,0.0,0.0,0.0,41.233333333333334,0.18666666666666668,9.466666666666667,6.133333333333333,0.007681272705003295,test
0.007769322442293891,0.006403313008129352,0.003744677406153585,0.06045847337428789,0.03941232741693579,0.011914471771628854,0.01001496699987836,0.10115502439961865,0.21632792477914975,0.10270799420869503,-0.004654779544981835,0.0,0.0,0.0,41.3,0.18666666666666668,9.5,5.966666666666666,0.00523736364445071,test
0.004261886801934622,0.004300037835649917,0.003456527917510499,0.04732245145881997,0.03424259228821658,0.016668270160785426,0.011607325517887901,0.049468660902798334,0.035824726518144834,0.02167572547904051,-0.00155642054765881,0.0,0.0,0.0,41.266666666666666,0.15666666666666668,9.033333333333333,6.6000000000000005,-0.0023748667360496967,test
0.0009901685157744922,-2.3069115069773716e-05,0.004923760203817906,0.0012387895387711012,0.035040533899270976,0.023203050470588238,0.007859779840175385,-0.013271309795687358,-0.12810000262731558,-0.027669749419250822,-0.003120127336243783,0.0,0.0,0.0,41.43333333333333,0.09333333333333334,9.066666666666666,6.366666666666667,0.006743037468666557,test
0.010816077088916742,0.002776003763914403,0.003125534660600948,0.038607384324565786,0.07690460931985577,0.03944227358039676,0.007935301263458427,-0.09222447905684028,-0.41551544396166595,-0.19889093970871707,0.003120127336243783,0.0,0.0,0.0,41.4,0.08333333333333333,9.0,6.6000000000000005,-0.000223152255784953,test
0.012122107246871572,0.0005634742359630351,0.004102074884061224,-0.007901337695228605,0.021448169180565912,0.013766502489483301,0.0027588047994386855,0.05747381229384718,0.0,-0.03990554417354053,-0.003120127336243783,0.0,0.0,0.0,41.53333333333333,0.07333333333333335,8.633333333333333,6.633333333333333,0.011167896811464573,test
0.003965885576345585,0.008585217566585257,0.006450764204510406,0.03289397778373804,0.028675799976666028,0.01740260319604303,0.006946939325527701,0.11096932514888991,0.09163032284592432,0.015151805020602316,-0.003129893008927631,0.0,0.0,0.0,41.73333333333333,0.10333333333333333,8.266666666666667,7.433333333333334,0.008350941818790147,test
0.009529598680861895,-5.699142280679581e-05,0.001979377777354685,-0.0067277597159485225,0.02146147550029287,0.01687544764074822,-0.0012376158017817218,-0.0484889606740051,-0.29230101830807537,-0.09180754925312273,0.0,0.0,0.0,0.0,41.666666666666664,0.15333333333333335,8.2,7.900000000000001,0.004453416266322563,test
-0.002925446324784531,0.0037090595807987015,0.0037537749362428485,0.020797253019056328,0.04795175759326398,0.020200512056868902,0.010841405837082263,0.08674705672550598,0.05989814158106893,-0.04208194543431354,-0.0031397200046674456,0.0,0.0,0.0,41.56666666666667,0.14333333333333334,8.033333333333333,6.966666666666666,0.0014392437648620415,test
0.009495648817920532,0.004690535774203752,0.004132191301374988,0.005445909215449518,0.03053390007154544,0.024916548155101026,0.0008913196446762583,-0.014749852911035255,0.0,0.04482543138006423,0.0015710922320408827,0.0,0.0,0.0,41.56666666666667,0.16,7.8,9.133333333333333,0.0011557374157504796,test
0.00893160545401539,0.005557041459952394,0.0045427259825974176,-0.012405873065443274,0.006776678751432286,0.009464706426832947,0.004578187641482323,0.08652453825492934,0.13062018241706408,0.07391225828676973,-0.00629923342798655,0.0,0.0,0.0,41.800000000000004,0.14333333333333334,7.733333333333333,4.8,0.009817259265515688,test
0.001990112540193323,0.0028734684327869076,0.004338752541116264,0.016014888606854072,0.018126180968927486,0.011227574947204388,0.0007014871384027899,0.042878538408745115,0.1599646496926781,0.08297440135936318,0.0015785322930490508,0.0,0.0,0.0,41.766666666666666,0.11666666666666665,7.533333333333334,5.266666666666667,0.0026727882651371715,test
0.0077304047644632945,0.005744572997277153,0.0039692472471415385,-0.002158651266592315,0.025568467446960952,0.014718354478802098,0.0047168582846985885,0.041386490526279296,0.2002753604105506,0.08310053899763092,-0.003159560290368013,0.0,0.0,0.0,41.800000000000004,0.08333333333333333,7.233333333333333,5.233333333333333,0.0084778965524972,test
0.0035529503661013706,0.008234975064494776,0.004019072271640667,0.019741002348141024,0.03360134499267353,0.01807357803198073,0.005018557802433321,0.06904229027314557,0.03152625364677375,-0.004319661144516429,-0.0047581374464167325,0.0,0.0,0.0,41.93333333333333,0.08666666666666667,6.933333333333334,4.566666666666666,0.008679640238263175,test
0.013603178367552538,0.006928141645821562,0.004452409146475489,0.016246802191393073,0.027996178205320632,0.015476227015506439,0.005561388065524753,0.030372027384295563,-0.06407885668452229,-0.05334598070529273,0.0031746058407726707,0.0,0.0,0.0,41.733333333333334,0.07333333333333335,6.666666666666667,5.233333333333333,-0.0034569281496601434,test
0.008217837256816907,0.0073055291122878785,0.0062420281130783906,0.004774137789322452,0.02458935225553116,0.01462641018320987,0.005083907928099762,0.04386575966513817,-0.045120435280469606,-0.0301297414520294,-0.004765696073015135,0.0,0.0,0.0,42.03333333333333,0.09333333333333334,6.2,5.533333333333334,0.012835690229149321,test
0.003198267441674396,0.009230250732570333,0.005129100507922146,-0.004789171050413543,0.01579689947925278,0.010559852372477252,0.0010364266960776192,0.02341980361752327,-0.02729214228800758,-0.033495954428182095,0.0,0.0,0.0,0.0,42.03333333333333,0.09000000000000001,6.066666666666666,5.433333333333334,0.012080648325781596,test
0.006193419662487543,0.011699429341981649,0.0057229362383388604,-0.005744181797233239,0.0323794504884356,0.017085457806132354,-0.005171744733448946,0.030164255968009535,-0.13522678720976733,-0.08105700941380833,0.0,0.0,0.0,0.0,42.13333333333333,0.09999999999999999,5.7,5.666666666666667,0.005044586015433339,test
-0.017637004222167185,0.007738380612372531,0.0039745934642922975,-0.03144488170758386,0.015556462737547072,0.017167622044246045,-0.0011689270074075608,0.012444514172004872,-0.08004270767353638,-0.040382337445685534,-0.0031897953681001567,0.0,0.0,0.0,41.9,0.11,5.533333333333334,6.2,0.008964547876924911,test
-0.013043594469960063,0.005543631909252333,0.005562017225997806,-0.003955365347296791,0.004791576009900211,0.008578509571540494,0.00709835276815074,0.009232873960113075,0.14571181118139365,0.1407170522853971,0.0015961695328226,0.0,0.0,0.0,41.8,0.12333333333333334,5.433333333333334,5.8,0.006174946582536478,test
0.0018249041327660365,0.0067584842932628675,0.003986145342327774,-0.012383685066104988,0.007946191868711594,0.012456199173207949,-0.0006692553206208984,-0.07664149885279059,-0.08393445148515055,-0.02905773447954285,-0.004796172263493048,0.0,0.0,0.0,41.8,0.1366666666666667,5.1000000000000005,5.666666666666667,0.003994462115690212,test
-0.017147876291899955,0.0055072421564430485,0.005621142390786815,-0.024825184619441387,0.022155926747027266,0.017425873939361125,0.0011067650558809206,0.05487317345610698,0.03174869831458038,-0.024876904755404494,0.004796172263493048,0.0,0.0,0.0,41.8,0.16,5.033333333333333,5.733333333333333,0.0018430917271050618,test
-0.007419290962402236,0.004587021191597707,0.004080371429484586,-0.013443746682321844,0.016717545832987568,0.020905404369912617,0.0013407842022390426,-0.015763430627779407,-0.16989903679539753,-0.03851567208061546,0.004773278752657539,0.0,0.0,0.0,41.833333333333336,0.36000000000000004,4.8999999999999995,5.866666666666667,0.005778466518471248,test
0.0058186843304195435,0.00872143503257572,0.003370293903859789,0.02591731624623783,0.026541577559052953,0.016255038087436446,0.00895674414839931,0.03017258077390217,-0.141880587235444,-0.08748745412311565,-0.004773278752657539,0.0,0.0,0.0,41.833333333333336,0.37333333333333335,4.933333333333334,5.233333333333333,0.0032060956626729364,test
-0.0013925084095429696,0.0055681938785792084,0.005672518098688073,0.020559753929381586,0.02367368535102088,0.015420779772920667,0.003963461621641073,0.034801655878348825,-0.006116227017436082,-0.026050677199942696,0.0031847160675200215,0.0,0.0,0.0,41.9,0.39666666666666667,4.8999999999999995,5.1,0.0070688591911043375,test
0.0027881298618428474,0.008233845755928115,0.0030374539065700645,0.009757498534703757,0.007689136053503631,0.014598022430682533,0.0060395418930800915,0.04039223892424193,0.42370269565794544,0.17447068231821583,-0.0031847160675200215,0.0,0.0,0.0,41.93333333333333,0.45,4.766666666666667,5.233333333333333,0.005527685286210726,test
-7.776399238235143e-05,0.0055625525160376554,0.0038575369239097768,0.018668381670428502,0.03262412773891832,0.015280394984724666,0.005159005048081866,0.05211730798844716,-0.004024150299725582,-0.012391732295163438,0.0031847160675200215,0.0,0.0,0.0,41.86666666666667,0.7000000000000001,4.566666666666666,5.5,0.00485708733103607,test
0.013376951571943074,0.00415922157185733,0.0041906997851572925,0.009015720512900671,0.02008430950417761,0.009661267632028014,0.0011105306895800027,0.02798181843086578,-0.1243570163484814,-0.08587848913763807,-0.0015910902322424647,0.0,0.0,0.0,41.96666666666667,0.9500000000000001,4.366666666666667,6.0,0.005583111012978037,test
-0.00551308589998456,0.0080879122861921,0.002895186138989203,0.015710080943939886,0.010979887351343365,0.012117723884388809,0.009262231980900815,0.02389302266501847,0.0045558165358609015,-0.013680103904080365,0.004765696073015135,0.0,0.0,0.0,41.93333333333333,1.1533333333333333,4.333333333333333,6.0,0.00785431525684821,test
0.016585907971533587,0.014189537349254877,0.003497088760468614,0.04170364428610718,0.013529984358903846,0.010908436257512477,0.005543879527618145,0.06653353009955953,0.08701137698962957,-0.033616610798985036,-0.006359321908292692,0.0,0.0,0.0,41.96666666666667,1.2033333333333334,4.166666666666667,5.533333333333334,0.011207427769393874,test
0.00728923530842529,0.0022916697099093497,0.005118282455429224,0.016975606831744372,0.015381142632604039,0.007440041200544201,0.007125338259511338,0.014322016734364063,0.16833531481921482,0.09763846956391609,0.0031847160675200215,0.0,0.0,0.0,42.13333333333333,1.4466666666666665,4.033333333333333,5.8,0.008101194549169577,test
0.009652239663978435,0.004937607002618805,0.004575435246225723,0.0008717129710795746,-0.0030356440170180576,0.009537689744474775,0.00575716489438971,0.018903941743396047,0.02434902901028657,0.022989518224698857,0.0015885626851375179,0.0,0.0,0.0,42.233333333333334,1.7366666666666666,3.9333333333333336,6.1000000000000005,0.005294212303768475,test
0.008706345058005382,0.002440270515587706,0.0026682951490695217,0.0018066175774844595,0.009617277032866411,0.008178549717149153,0.004626399348750532,0.05204549322506313,0.03045920748470854,0.005037794029957077,-0.0031796529173799826,0.0,0.0,0.0,42.1,1.9233333333333331,3.766666666666667,6.633333333333333,0.00621760482522582,test
-6.532368850642456e-05,-0.000349633374124636,0.003015040707364136,-0.021276694513810313,0.017747214889949348,0.010725366496593836,0.0023170667205159035,-0.12237038188381089,-0.058335577012963435,0.010000083334583243,0.0031796529173799826,0.0,0.0,0.0,42.03333333333333,2.22,3.8333333333333335,7.2,0.0014154399831838305,test
-0.011769031035883337,0.010359282073046039,0.0032388800206515356,0.02500130220541763,-0.006119953927909094,0.009876452959547422,0.0059561082034820245,0.08818354954499696,-0.09637081274801795,-0.06420690117101024,0.0,0.0,0.0,0.0,41.800000000000004,2.4033333333333333,3.8666666666666667,8.266666666666667,0.006223772907267389,test
-0.004268606844276768,0.0071557170051876895,0.003606383813940184,-0.008571454314148852,0.025347039552791273,0.01690722441289161,0.0036742666314086847,0.030272743203814123,-0.21635729162985073,-0.09743445038540544,0.0,0.0,0.0,0.0,41.63333333333333,2.3966666666666665,3.6333333333333333,7.333333333333333,0.008316777932895647,validation
-0.0014243207578452655,0.01016143442954931,0.0034877253648204487,-0.005730188621104304,0.01690470570575009,0.0176689905235623,0.004757232270102385,0.031332598165876746,-0.19692035621510728,-0.1210779315532362,0.0031695747612792147,0.0,0.0,0.0,41.5,2.19,3.6,6.8999999999999995,0.011632102580909631,validation
-0.005798282843532121,0.007042680460315864,0.0028301999040660775,0.008470559159645674,0.02619885857946258,0.020456685047573586,0.00854274600775451,0.0632119770755093,0.0899482366629396,-0.006622540760493401,0.0015810279973189623,0.0,0.0,0.0,41.4,1.6433333333333333,3.6,6.733333333333333,0.006795635968053659,validation
-0.04312396332506108,-0.06689812936530704,-0.0059401077900016475,-0.11586420693968869,0.06459900918305728,0.0415479062039239,-0.0021443537032119764,-0.1803960180936972,-0.7598385550586176,0.0033167526259940683,-0.011120051044078316,0.0,0.0,0.0,41.333333333333336,1.26,3.8333333333333335,8.9,-0.013250619707966038,validation
-0.06154707289517081,0.01704767574878918,-0.09171744990355535,-0.16740093437427284,1.350377246371771,0.12575832558842848,-0.004014619519264961,0.15744201931611812,-0.17544867750619259,-0.21325879208166787,-0.017728103293579878,0.0,0.0,0.0,39.23333333333333,0.06,13.0,24.233333333333334,-0.08204320604026982,validation
0.04664412366441706,0.03555335907854751,0.029339245334428554,0.12698553770421128,0.035777521429761094,0.024744281236003474,0.011430596819954175,0.08067698492901343,-0.07095173597228438,-0.05475051477140824,-0.0016273396593762257,0.0,0.0,0.0,40.96666666666667,0.09333333333333334,8.799999999999999,15.033333333333333,0.074757496362448,validation
0.024661376739349095,0.004434765516948325,0.005472758965861857,0.07353019992708454,0.038187474844438185,0.028423888034559752,0.00784615225054175,0.09348295783397731,0.31309178797714926,-0.021882711249507802,0.0016273396593762257,0.0,0.0,0.0,41.4,0.09000000000000001,6.766666666666667,12.200000000000001,0.01127138965704333,validation
0.000229734799630954,0.045528067055591315,0.011744329144496746,0.061671467504107014,0.04253511913536023,0.035182173890953905,0.011066400606400073,0.05660290843566784,0.5488048718312071,0.29649270213393586,0.0,0.0,0.0,0.0,41.53333333333333,0.08,6.233333333333333,19.566666666666666,0.01386164653473898,validation
0.014260705294637965,0.014372828957758266,0.01094987013838633,0.02391829549588209,0.03729567101981601,0.03207102876651824,0.021258607024587484,0.08053960638652491,-0.057523844138186675,-0.08581591958485602,0.0032467560988695965,0.0,0.0,0.0,41.5,0.07,5.933333333333334,10.4,0.016875713541763204,validation
-0.009471691687910067,0.006555709001586862,0.013290793787824384,0.0008127195724227931,0.02794383418926749,0.024355600362396146,0.011958332908684532,0.04769512595442649,-0.10389959501815144,-0.09782229309384549,0.0,0.0,0.0,0.0,41.36666666666667,0.09000000000000001,5.066666666666666,8.6,0.008216679141918704,validation
0.01719638926960343,0.004573266350968552,0.013744096292096941,0.10035555197740109,0.026229759510570716,0.023032365063919258,0.025003330444591576,0.050278463907414306,0.07045166095061128,0.046340337258702013,0.0048504541337495155,0.0,0.0,0.0,41.43333333333333,0.08,4.166666666666667,6.733333333333333,0.01701202308971439,validation
0.008101516212416726,0.0064570838562652,0.009955882201888144,0.047447323357674875,0.014143943442517681,0.011830735671154002,0.02402497883629895,-0.06256315595004835,0.37085957893068877,0.2580006211797178,0.0064308903302903175,0.0,0.0,0.0,41.4,0.12,3.8666666666666667,3.8333333333333335,-0.002551237912953752,validation
-0.0036826521904522735,0.004400995794769713,0.0068692580592149,0.056055416214288556,-0.0041509493564202415,-0.0033619978888559388,0.02500168844501438,-0.11891096489909181,0.3881008201988283,0.2120030080660178,-0.0032102756302485602,0.0,0.0,0.0,41.1,0.77,3.6333333333333333,2.466666666666667,0.001564245950852694,validation
0.0027067415139079287,0.006994617280725812,0.008001611627269867,-0.0005408617354110135,-0.014970595386037289,-0.005374989234148586,0.00470823083622296,-0.012498102741576034,0.11423818968984367,0.07931675482858735,0.0,0.0,0.0,0.0,40.96666666666667,2.19,3.533333333333333,3.3000000000000003,0.00719306332529257,validation
-0.015174007014509883,-0.001752757570389285,0.004936293002442582,-0.03475283887996916,-0.030093082715463737,-0.013739212548045998,0.008343728731489364,0.01593779492030656,0.028013036227674037,-0.0354804400154094,0.001606426048273768,0.0,0.0,0.0,40.833333333333336,3.653333333333333,3.5666666666666664,3.8000000000000003,0.006878691350323152,validation
0.012492013259075563,0.012359688504775868,0.005118340220425566,0.02351930555360937,-0.0388783470023224,-0.01654701392890523,0.009952583846716934,0.014256965338283578,0.010989121575595284,0.03765671943800486,0.00480385231264524,0.0,0.0,0.0,40.800000000000004,4.516666666666667,3.533333333333333,5.466666666666666,0.007212436699248315,validation
-0.008957995192766077,0.005799001856058084,0.004797220901060939,-0.02996587280415497,-0.026158653512954544,-0.004484785146745551,0.007239626559442769,0.09070847022700512,0.02429269256904454,0.010810916104215806,0.0,0.0,0.0,0.0,40.7,4.989999999999999,3.533333333333333,5.8999999999999995,0.0062590905480153225,validation
0.008963934563667841,0.0066893861403016786,0.0034390373859309875,0.045229783863398154,-0.016502060658027062,-0.0025002657535448947,0.010672613532136666,0.01455788841007788,0.15529288440603528,0.09823843958341327,0.0015961695328226,0.0,0.0,0.0,40.733333333333334,5.260000000000001,3.6333333333333333,5.466666666666666,0.011470027396091709,validation
-0.0041463336133000794,0.010315712394764809,0.002809044410495787,-0.006452605420159685,-0.012056408596754054,-0.0012862233779973309,0.004756371210204335,0.06070745399420652,-0.08576682175742523,-0.07906852347569315,-0.0031948908965189204,0.0,0.0,0.0,40.53333333333333,5.33,3.8000000000000003,5.533333333333334,0.00840514902646916,validation
-0.001448319814536525,0.004091662159909859,0.0038749996789455565,0.014408487746186083,0.0035966962544815573,0.009532585635820823,0.011605608408014056,0.09860650869984688,0.04618074506336045,0.05539877938978832,0.0031948908965189204,0.0,0.0,0.0,40.5,5.33,3.8333333333333335,6.133333333333333,0.0020964144146446984,validation
0.0043357082891404275,0.009259248451390256,0.001453225750022824,0.010179977575008436,0.002449677557383012,0.007174423709532363,0.0022354096125081213,0.0462154113496851,0.023475256421366275,0.02366974408590483,-0.0015961695328226,0.0,0.0,0.0,40.73333333333333,5.33,3.9666666666666663,5.766666666666667,0.008815888542736516,validation
-0.010818112662675183,0.010124793245292807,0.0013751281447831332,0.019670660426248432,0.00596601537232111,0.009173423836376315,0.005377727304233915,0.0373570920632087,-0.147214235830601,-0.09180754925312296,0.0015961695328226,0.0,0.0,0.0,40.733333333333334,5.263333333333333,4.166666666666667,5.1000000000000005,0.008213953149049047,validation
0.005185493270209562,0.01149793622296702,0.002555119848953069,-0.012852300269049266,0.011032058566829761,0.007925669713479522,0.009083840707600821,0.06701999250300084,0.16560555880202465,0.10536051565782634,-0.0031948908965189204,0.0,0.0,0.0,40.766666666666666,4.6499999999999995,4.133333333333333,4.733333333333333,0.004588204928330342,validation
0.007082595480240705,0.0005099418533971445,0.00038523112764998757,0.046780402603694426,0.008146320284108555,0.009249489593452509,0.006843571232505674,-0.055923629186443335,-0.025376217493374487,0.01715962028282636,0.0,0.0,0.0,0.0,40.93333333333334,4.33,4.133333333333334,5.133333333333333,-0.0016264860564216832,validation
0.004326516521569346,0.002578102119368708,0.0006375156044295949,-0.009546290029874172,0.013133140459654413,0.014212078132144867,0.005146450958540605,0.05908668856057986,0.023095714794649336,0.03163054388660558,-0.00320513094894892,0.0,0.0,0.0,40.96666666666667,4.33,4.2,5.0,0.009415531607956495,validation
0.0018656492232471678,0.008943374421968464,0.0004416041658252823,0.04654594838737758,0.007304029499065834,0.010000898638821809,0.00870405693404308,0.0879062410325453,-0.0611955610269197,-0.04686893399153802,0.00320513094894892,0.0,0.0,0.0,41.03333333333333,4.293333333333333,4.333333333333333,4.3999999999999995,0.010705948402604193,validation
9.933802525186053e-05,0.004143172695206587,-0.0007319074085323507,-0.02586917341333006,0.009569148797670124,0.00797224723884149,0.002973459172441295,0.04009730661286959,0.00484262447578776,0.019011979488571917,-0.0016012813669741277,0.0,0.0,0.0,41.166666666666664,3.8966666666666665,4.45,4.0,0.0016269386171785527,validation
