DATE,working_hour_manuf,CPI,Ids_Prd,R_Csump,Ef_Fed_Rate,Intr_10Y,Unemp,M2,M1,Labor_partic,Per_savings,All_Emp,Moody_aaa,NetExports
1960-01-01,40.6,29.37,24.2078,15.789,3.99,4.72,5.2,298.2,140.0,59.1,10.9,54274,4.61,
1960-02-01,40.3,29.41,23.9924,15.858,3.97,4.49,4.8,298.4,139.9,59.1,10.6,54513,4.56,
1960-03-01,40.0,29.41,23.777,16.083,3.84,4.25,5.4,299.3,139.8,58.5,9.4,54454,4.49,
1960-04-01,40.0,29.54,23.5885,16.331,3.92,4.28,5.2,300.1,139.6,59.5,8.4,54813,4.45,
1960-05-01,40.1,29.57,23.5616,16.002,3.85,4.35,5.1,300.9,139.6,59.5,10.4,54475,4.46,
1960-06-01,39.9,29.61,23.2654,15.998,3.32,4.15,5.4,302.3,139.6,59.7,10.4,54348,4.45,
1960-07-01,39.9,29.55,23.1846,16.031,3.23,3.9,5.5,304.1,140.2,59.5,10.4,54306,4.41,
1960-08-01,39.7,29.61,23.1577,16.016,2.98,3.8,5.6,306.9,141.3,59.5,10.3,54272,4.28,
1960-09-01,39.4,29.61,22.9153,16.092,2.6,3.8,5.5,308.4,141.2,59.7,10.0,54227,4.25,
1960-10-01,39.7,29.75,22.8884,16.17,2.47,3.89,6.1,309.5,140.9,59.4,9.8,54142,4.3,
1960-11-01,39.3,29.78,22.5653,16.114,2.44,3.93,6.1,310.9,140.9,59.8,9.8,53961,4.31,
1960-12-01,38.4,29.81,22.1344,15.916,1.98,3.84,6.6,312.4,140.7,59.7,10.4,53742,4.35,
1961-01-01,39.3,29.84,22.1613,15.956,1.45,3.84,6.6,314.1,141.1,59.6,11.1,53683,4.32,
1961-02-01,39.4,29.84,22.1344,16.014,2.54,3.78,6.9,316.5,141.6,59.6,11.1,53557,4.27,
1961-03-01,39.5,29.84,22.2691,16.213,2.02,3.74,6.9,318.3,141.9,59.7,10.4,53659,4.22,
1961-04-01,39.5,29.81,22.7268,16.221,1.49,3.78,7.0,319.9,142.1,59.3,10.6,53627,4.25,
1961-05-01,39.7,29.84,23.0769,16.32,1.98,3.71,7.1,322.2,142.7,59.4,10.8,53786,4.27,
1961-06-01,40.0,29.84,23.4,16.359,1.73,3.88,6.9,324.3,142.9,59.7,11.5,53977,4.33,
1961-07-01,40.0,29.92,23.6693,16.31,1.17,3.92,7.0,325.6,142.9,59.3,12.0,54123,4.41,
1961-08-01,40.1,29.94,23.8847,16.368,2.0,4.04,6.6,327.6,143.5,59.3,11.7,54298,4.45,
1961-09-01,39.5,29.98,23.8578,16.46,1.88,3.98,6.7,329.5,143.8,59.0,11.3,54388,4.45,
1961-10-01,40.3,29.98,24.3156,16.563,2.26,3.92,6.5,331.1,144.1,59.1,11.7,54522,4.42,
1961-11-01,40.7,29.98,24.6926,16.724,2.61,3.94,6.1,333.4,144.8,59.1,11.6,54742,4.39,
1961-12-01,40.4,30.01,24.908,16.84,2.33,4.06,6.0,335.5,145.2,58.8,11.6,54872,4.42,
1962-01-01,40.0,30.04,24.6925,16.845,2.15,4.08,5.8,337.5,145.2,58.8,11.3,54891,4.42,
1962-02-01,40.4,30.11,25.0964,16.837,2.37,4.04,5.5,340.1,145.7,59.0,11.8,55188,4.42,
1962-03-01,40.6,30.17,25.2311,16.976,2.85,3.93,5.6,343.1,146.0,58.9,11.6,55275,4.39,
1962-04-01,40.6,30.21,25.285,17.035,2.78,3.84,5.6,345.5,146.4,58.7,11.7,55602,4.33,
1962-05-01,40.6,30.24,25.258,17.166,2.36,3.87,5.5,347.5,146.8,58.9,11.1,55628,4.28,
1962-06-01,40.5,30.21,25.2042,17.08,2.68,3.91,5.5,349.3,146.6,58.8,11.5,55644,4.28,
1962-07-01,40.5,30.22,25.4465,17.135,2.71,4.01,5.4,350.8,146.5,58.5,11.6,55746,4.34,
1962-08-01,40.5,30.28,25.4734,17.183,2.93,3.98,5.7,352.8,146.6,59.0,11.4,55838,4.35,
1962-09-01,40.5,30.42,25.635,17.375,2.9,3.98,5.6,354.9,146.3,59.0,10.4,55978,4.32,
1962-10-01,40.3,30.38,25.6619,17.289,2.9,3.93,5.4,357.2,146.7,58.7,11.3,56041,4.28,
1962-11-01,40.5,30.38,25.7696,17.519,2.94,3.92,5.7,359.8,147.3,58.5,10.4,56056,4.25,
1962-12-01,40.3,30.38,25.7696,17.617,2.93,3.86,5.5,362.7,147.8,58.4,10.3,56028,4.24,
1963-01-01,40.5,30.44,25.9581,17.612,2.92,3.83,5.7,365.2,148.3,58.6,10.9,56115,4.21,
1963-02-01,40.5,30.48,26.2544,17.546,3.0,3.92,5.9,367.9,148.9,58.6,10.7,56230,4.19,
1963-03-01,40.5,30.51,26.4159,17.635,2.98,3.93,5.7,370.7,149.2,58.6,10.6,56320,4.19,
1963-04-01,40.5,30.48,26.6582,17.699,2.9,3.97,5.7,373.3,149.7,58.8,10.7,56580,4.21,
1963-05-01,40.5,30.51,26.9814,17.71,3.0,3.93,5.9,376.1,150.4,58.8,10.9,56616,4.22,
1963-06-01,40.7,30.61,27.0622,17.881,2.99,3.99,5.6,378.4,150.4,58.5,10.5,56659,4.23,
1963-07-01,40.6,30.69,26.9545,17.973,3.02,4.02,5.6,381.1,151.3,58.7,10.1,56794,4.26,
1963-08-01,40.6,30.75,27.0083,18.037,3.49,4.0,5.4,383.6,151.8,58.5,10.2,56910,4.29,
1963-09-01,40.6,30.72,27.2776,18.003,3.48,4.08,5.5,386.0,152.0,58.7,11.0,57078,4.31,
1963-10-01,40.7,30.75,27.4661,17.993,3.5,4.11,5.5,388.3,152.6,58.8,11.5,57283,4.32,
1963-11-01,40.7,30.78,27.6007,18.127,3.48,4.12,5.7,391.5,153.6,58.8,11.0,57255,4.33,
1963-12-01,40.6,30.88,27.5469,18.343,3.38,4.13,5.5,393.2,153.3,58.5,10.7,57361,4.35,
1964-01-01,40.1,30.94,27.7892,18.402,3.48,4.17,5.6,395.2,153.7,58.6,10.7,57487,4.39,
1964-02-01,40.7,30.91,27.9777,18.532,3.48,4.15,5.4,397.6,154.3,58.8,10.4,57753,4.36,
1964-03-01,40.6,30.94,27.9777,18.597,3.43,4.22,5.4,399.8,154.5,58.7,12.1,57897,4.38,
1964-04-01,40.7,30.95,28.4355,18.63,3.47,4.23,5.3,401.7,154.8,59.1,12.4,57922,4.4,
1964-05-01,40.8,30.98,28.597,18.888,3.5,4.2,5.1,404.2,155.3,59.1,11.7,58089,4.41,
1964-06-01,40.8,31.01,28.6778,18.996,3.5,4.17,5.2,407.1,155.6,58.7,11.5,58219,4.41,
1964-07-01,40.8,31.02,28.8663,19.136,3.42,4.19,4.9,410.1,156.8,58.6,11.2,58412,4.4,
1964-08-01,40.9,31.05,29.0548,19.251,3.5,4.19,5.0,413.4,157.8,58.6,11.1,58619,4.41,
1964-09-01,40.9,31.08,29.1625,19.171,3.45,4.2,5.1,416.9,158.7,58.7,11.8,58903,4.42,
1964-10-01,40.7,31.12,28.7586,19.296,3.36,4.19,5.1,419.1,159.2,58.6,11.2,58793,4.42,
1964-11-01,41.0,31.21,29.6472,19.121,3.52,4.15,4.8,422.0,160.0,58.5,12.5,59218,4.43,
1964-12-01,41.2,31.25,29.9973,19.306,3.85,4.18,5.0,424.7,160.3,58.6,12.5,59421,4.44,
1965-01-01,41.3,31.28,30.3204,19.443,3.9,4.19,4.9,427.5,160.7,58.6,12.1,59582,4.43,
1965-02-01,41.3,31.28,30.5089,19.753,3.98,4.21,5.1,430.4,160.9,58.7,10.7,59800,4.41,
1965-03-01,41.3,31.31,30.9128,19.814,4.05,4.21,4.7,433.2,161.5,58.7,10.8,60003,4.42,
1965-04-01,41.2,31.38,31.0474,19.955,4.09,4.2,4.8,435.4,162.0,58.8,10.2,60259,4.43,
1965-05-01,41.3,31.48,31.2898,19.936,4.1,4.21,4.6,437.1,161.7,59.0,11.2,60491,4.44,
1965-06-01,41.2,31.61,31.5321,19.77,4.05,4.21,4.6,440.1,162.2,58.8,12.1,60690,4.46,
1965-07-01,41.2,31.58,31.8283,20.018,4.09,4.2,4.4,442.9,163.0,59.1,11.9,60965,4.48,
1965-08-01,41.1,31.55,31.963,20.165,4.12,4.25,4.4,445.8,163.7,58.9,11.7,61228,4.49,
1965-09-01,41.1,31.62,32.0438,20.502,4.02,4.29,4.3,449.5,164.8,58.7,12.5,61490,4.52,
1965-10-01,41.2,31.65,32.3669,20.789,4.08,4.35,4.2,452.6,166.0,58.9,10.9,61719,4.56,
1965-11-01,41.3,31.75,32.5015,20.78,4.1,4.45,4.1,455.7,166.7,58.8,11.5,61996,4.6,
1965-12-01,41.3,31.85,32.9054,20.823,4.32,4.62,4.0,459.2,167.8,59.0,11.7,62322,4.68,
1966-01-01,41.5,31.88,33.2286,20.956,4.42,4.61,4.0,462.0,169.1,59.0,11.2,62529,4.74,
1966-02-01,41.7,32.08,33.444,21.097,4.6,4.83,3.8,464.6,169.6,58.8,11.0,62796,4.78,
1966-03-01,41.6,32.18,33.9018,21.261,4.66,4.87,3.8,467.2,170.5,58.8,10.7,63192,4.92,
1966-04-01,41.8,32.28,33.9556,21.272,4.67,4.75,3.8,469.3,171.8,59.0,10.3,63437,4.96,
1966-05-01,41.5,32.35,34.2787,21.074,4.9,4.78,3.9,470.1,171.3,59.0,11.2,63712,4.98,
1966-06-01,41.4,32.38,34.4403,21.13,5.17,4.81,3.8,471.2,171.6,59.1,11.4,64111,5.07,
1966-07-01,41.2,32.45,34.6288,21.312,5.3,5.02,3.8,470.9,170.3,59.1,10.9,64301,5.16,
1966-08-01,41.4,32.65,34.6557,21.345,5.53,5.22,3.8,472.6,170.8,59.3,11.2,64507,5.31,
1966-09-01,41.2,32.75,34.9789,21.542,5.4,5.18,3.7,475.4,172.0,59.3,11.0,64643,5.49,
1966-10-01,41.3,32.85,35.2212,21.448,5.53,5.01,3.7,475.7,171.2,59.3,11.6,64854,5.41,
1966-11-01,41.2,32.88,34.9788,21.493,5.76,5.16,3.6,477.3,171.4,59.6,11.8,65019,5.35,
1966-12-01,40.9,32.92,35.0596,21.527,5.4,4.84,3.8,480.2,172.0,59.5,11.6,65199,5.39,
1967-01-01,41.1,32.9,35.225,21.629,4.94,4.58,3.9,481.6,171.9,59.5,12.1,65407,5.2,
1967-02-01,40.4,33.0,34.8255,21.549,5.0,4.63,3.8,485.1,173.0,59.3,12.6,65429,5.03,
1967-03-01,40.5,33.0,34.6292,21.661,4.53,4.54,3.8,489.7,174.8,59.1,12.8,65530,5.13,
1967-04-01,40.4,33.1,34.9558,21.867,4.05,4.59,3.8,492.1,174.2,59.4,11.9,65466,5.11,
1967-05-01,40.4,33.1,34.6508,21.865,3.94,4.85,3.8,497.2,175.7,59.3,12.0,65620,5.24,
1967-06-01,40.4,33.3,34.6465,21.994,3.98,5.02,3.9,502.0,177.0,59.6,11.9,65750,5.44,
1967-07-01,40.5,33.4,34.5676,21.916,3.79,5.16,3.8,506.3,178.1,59.6,12.6,65888,5.58,
1967-08-01,40.6,33.5,35.2299,21.981,3.9,5.28,3.8,510.8,179.7,59.7,12.6,66143,5.62,
1967-09-01,40.6,33.6,35.1727,22.165,3.99,5.3,3.8,514.7,180.7,59.7,11.9,66164,5.65,
1967-10-01,40.6,33.7,35.4591,21.957,3.88,5.48,4.0,518.2,181.6,59.9,12.9,66225,5.82,
1967-11-01,40.6,33.9,35.9663,22.107,4.13,5.75,3.9,521.2,182.4,59.8,12.8,66703,6.07,
1967-12-01,40.7,34.0,36.3536,22.402,4.51,5.7,3.8,524.8,183.3,59.9,11.8,66900,6.19,
1968-01-01,40.4,34.1,36.3145,22.545,4.61,5.53,3.7,527.4,184.3,59.2,11.7,66804,6.17,
1968-02-01,40.8,34.2,36.4446,22.568,4.71,5.56,3.8,530.4,184.7,59.6,12.3,67215,6.1,
1968-03-01,40.8,34.3,36.5584,22.946,5.05,5.74,3.7,533.2,185.5,59.6,11.7,67295,6.11,
1968-04-01,40.3,34.4,36.6113,22.861,5.76,5.64,3.5,535.7,186.6,59.5,12.3,67556,6.21,
1968-05-01,40.9,34.5,37.022,23.019,6.12,5.87,3.5,538.9,188.0,59.9,12.0,67652,6.27,
1968-06-01,40.9,34.7,37.158,23.216,6.07,5.72,3.7,542.6,189.4,60.0,11.7,67905,6.28,
1968-07-01,40.8,34.9,37.101,23.432,6.03,5.5,3.7,545.6,190.5,59.8,10.7,68126,6.24,
1968-08-01,40.7,35.0,37.2045,23.496,6.03,5.42,3.5,549.4,191.8,59.6,10.5,68330,6.02,
1968-09-01,40.9,35.1,37.3454,23.463,5.78,5.46,3.4,553.6,192.7,59.5,10.6,68484,5.97,
1968-10-01,41.0,35.3,37.4196,23.502,5.91,5.58,3.4,557.6,194.0,59.5,10.8,68721,6.09,
1968-11-01,40.9,35.4,37.9036,23.632,5.82,5.7,3.4,562.4,196.0,59.6,10.6,68984,6.19,
1968-12-01,40.7,35.6,38.0233,23.574,6.02,6.03,3.4,566.8,197.4,59.7,11.1,69248,6.45,
1969-01-01,40.8,35.7,38.2533,23.765,6.3,6.04,3.4,569.3,198.7,59.6,10.3,69439,6.59,
1969-02-01,40.4,35.8,38.4981,23.916,6.61,6.19,3.4,571.9,199.3,60.0,9.7,69699,6.66,
1969-03-01,40.8,36.1,38.8,23.811,6.79,6.3,3.4,574.4,200.0,59.9,10.2,69905,6.85,
1969-04-01,41.0,36.3,38.6573,23.908,7.41,6.17,3.4,575.7,200.7,60.0,9.7,70072,6.89,
1969-05-01,40.7,36.4,38.5111,24.069,8.67,6.32,3.4,576.5,200.8,59.8,10.1,70328,6.79,
1969-06-01,40.7,36.6,38.8874,23.976,8.9,6.57,3.5,578.5,201.3,60.1,11.1,70636,6.98,
1969-07-01,40.6,36.8,39.0927,23.945,8.61,6.72,3.5,579.5,201.7,60.1,11.8,70729,7.08,
1969-08-01,40.6,36.9,39.1825,24.165,9.19,6.69,3.5,580.1,201.7,60.3,11.5,71008,6.97,
1969-09-01,40.6,37.1,39.1737,24.195,9.15,7.16,3.7,582.1,202.1,60.3,11.6,70914,7.14,
1969-10-01,40.5,37.3,39.1852,24.32,9.0,7.1,3.7,583.4,202.9,60.4,11.4,71121,7.33,
1969-11-01,40.5,37.5,38.8158,24.292,8.85,7.14,3.5,585.4,203.6,60.2,11.6,71086,7.35,
1969-12-01,40.6,37.7,38.7116,24.27,8.97,7.65,3.5,587.9,203.9,60.2,11.8,71241,7.72,
1970-01-01,40.4,37.9,37.9948,24.415,8.98,7.79,3.9,589.6,206.2,60.4,11.8,71176,7.91,
1970-02-01,40.2,38.1,37.9698,24.522,8.98,7.24,4.2,586.3,205.0,60.4,11.7,71305,7.93,
1970-03-01,40.1,38.3,37.9205,24.397,7.76,7.07,4.4,587.3,205.7,60.6,12.4,71451,7.84,
1970-04-01,39.8,38.5,37.823,24.416,8.1,7.39,4.6,588.4,206.7,60.6,13.3,71348,7.83,
1970-05-01,39.8,38.6,37.7789,24.584,7.95,7.91,4.8,591.5,207.2,60.3,12.4,71124,8.11,
1970-06-01,39.8,38.8,37.6567,24.667,7.61,7.84,4.9,595.2,207.6,60.2,12.3,71029,8.48,
1970-07-01,40.0,38.9,37.7491,24.661,7.21,7.46,5.0,599.1,208.0,60.4,13.5,71053,8.44,
1970-08-01,39.8,39.0,37.6818,24.765,6.62,7.53,5.1,604.9,209.9,60.3,13.4,70937,8.13,
1970-09-01,39.6,39.2,37.4221,24.887,6.29,7.39,5.4,611.2,211.8,60.2,12.9,70944,8.09,
1970-10-01,39.5,39.4,36.6735,24.736,6.2,7.33,5.5,616.4,212.9,60.4,13.1,70521,8.03,
1970-11-01,39.5,39.6,36.4514,24.573,5.6,6.84,5.9,621.1,213.7,60.4,13.6,70409,8.05,
1970-12-01,39.5,39.8,37.2885,24.802,4.9,6.39,6.1,626.5,214.4,60.4,13.2,70792,7.64,
1971-01-01,39.9,39.9,37.5753,25.142,4.14,6.24,5.9,632.9,215.5,60.4,13.3,70865,7.36,
1971-02-01,39.7,39.9,37.5037,25.189,3.72,6.11,5.9,641.0,217.4,60.1,13.3,70807,7.08,
1971-03-01,39.8,40.0,37.4631,25.202,3.71,5.7,6.0,649.9,218.8,60.0,13.5,70860,7.21,
1971-04-01,39.9,40.1,37.6735,25.353,4.16,5.83,5.9,658.4,220.0,60.1,13.2,71036,7.25,
1971-05-01,40.0,40.3,37.8646,25.335,4.63,6.39,5.9,666.7,222.0,60.2,13.6,71247,7.53,
1971-06-01,39.9,40.5,38.0234,25.539,4.91,6.52,5.9,673.0,223.5,59.8,14.7,71254,7.64,
1971-07-01,40.0,40.6,37.9131,25.43,5.31,6.73,6.0,679.6,224.9,60.1,13.8,71315,7.64,
1971-08-01,39.8,40.7,37.693,25.575,5.57,6.58,6.1,685.5,225.6,60.2,13.6,71373,7.59,
1971-09-01,39.7,40.8,38.3056,25.83,5.55,6.14,6.0,692.5,226.5,60.1,13.3,71614,7.44,
1971-10-01,39.9,40.9,38.5924,25.893,5.2,5.93,5.8,698.4,227.2,60.1,13.3,71642,7.39,
1971-11-01,40.0,41.0,38.7561,26.024,4.91,5.81,6.0,704.6,227.8,60.4,13.1,71847,7.26,
1971-12-01,40.2,41.1,39.2035,26.192,4.14,5.93,6.0,710.3,228.3,60.4,13.0,72109,7.25,
1972-01-01,40.2,41.2,40.1408,26.196,3.51,5.95,5.8,717.7,230.1,60.2,12.5,72441,7.19,
1972-02-01,40.4,41.4,40.5459,26.259,3.3,6.08,5.7,725.7,232.3,60.2,12.8,72648,7.27,
1972-03-01,40.4,41.4,40.8263,26.686,3.83,6.07,5.8,733.5,234.3,60.5,11.8,72944,7.24,
1972-04-01,40.5,41.5,41.2348,26.764,4.17,6.19,5.7,738.4,235.6,60.4,11.5,73162,7.3,
1972-05-01,40.5,41.6,41.2405,26.898,4.27,6.13,5.7,743.3,235.9,60.4,11.7,73469,7.3,
1972-06-01,40.6,41.7,41.3497,26.985,4.46,6.11,5.7,749.7,236.6,60.4,11.7,73758,7.23,
1972-07-01,40.5,41.8,41.3035,27.184,4.55,6.11,5.6,759.5,238.8,60.4,11.7,73709,7.21,
1972-08-01,40.6,41.9,41.879,27.33,4.81,6.21,5.6,768.7,240.9,60.6,12.0,74141,7.19,
1972-09-01,40.6,42.1,42.2132,27.377,4.87,6.55,5.5,778.3,243.2,60.4,12.2,74264,7.22,
1972-10-01,40.7,42.2,42.7494,27.829,5.05,6.48,5.6,786.9,245.0,60.3,13.0,74674,7.21,
1972-11-01,40.7,42.4,43.2548,27.938,5.06,6.28,5.3,793.9,246.4,60.3,13.6,74973,7.12,
1972-12-01,40.6,42.5,43.7367,28.045,5.33,6.36,5.2,802.3,249.2,60.5,13.7,75268,7.08,
1973-01-01,40.4,42.7,44.0529,28.319,5.94,6.46,4.9,810.3,251.5,60.0,12.4,75617,7.15,
1973-02-01,40.9,43.0,44.6827,28.493,6.58,6.64,5.0,814.1,252.2,60.5,12.5,76014,7.22,
1973-03-01,40.9,43.4,44.7045,28.53,7.09,6.71,4.9,815.3,251.7,60.8,12.7,76284,7.29,
1973-04-01,40.8,43.7,44.6387,28.418,7.12,6.67,5.0,819.7,252.7,60.8,13.2,76455,7.26,
1973-05-01,40.7,43.9,44.9429,28.478,7.84,6.85,4.9,826.8,254.9,60.6,13.2,76648,7.29,
1973-06-01,40.7,44.2,45.0035,28.407,8.49,6.9,4.9,833.3,256.7,60.9,13.6,76887,7.37,
1973-07-01,40.7,44.2,45.1636,28.633,10.4,7.13,4.8,836.5,257.5,60.9,13.2,76913,7.45,
1973-08-01,40.6,45.0,45.1019,28.278,10.5,7.4,4.8,838.8,257.7,60.7,13.9,77168,7.68,
1973-09-01,40.7,45.2,45.4624,28.693,10.78,7.09,4.8,839.3,257.9,60.8,13.1,77276,7.63,
1973-10-01,40.6,45.6,45.847,28.496,10.01,6.79,4.6,842.6,259.0,60.9,14.4,77607,7.6,
1973-11-01,40.6,45.9,46.0553,28.547,10.03,6.73,4.8,848.9,261.0,61.2,14.4,77920,7.67,
1973-12-01,40.6,46.3,45.923,28.305,9.95,6.74,4.9,855.5,262.9,61.2,14.8,78031,7.68,
1974-01-01,40.5,46.8,45.6204,28.289,9.65,6.99,5.1,859.7,263.8,61.3,14.3,78100,7.83,
1974-02-01,40.4,47.3,45.4759,28.126,8.97,6.96,5.2,864.2,265.3,61.4,14.2,78254,7.85,
1974-03-01,40.4,47.8,45.4777,28.17,9.35,7.21,5.1,870.1,266.7,61.3,13.4,78296,8.01,
1974-04-01,39.5,48.1,45.3451,28.264,10.51,7.51,5.1,872.9,267.2,61.1,13.1,78382,8.25,
1974-05-01,40.3,48.6,45.7044,28.346,11.31,7.58,5.1,874.6,267.6,61.2,12.8,78549,8.37,
1974-06-01,40.2,49.0,45.6238,28.279,11.93,7.54,5.4,877.8,268.5,61.2,12.8,78604,8.47,
1974-07-01,40.1,49.3,45.7221,28.372,12.92,7.81,5.5,881.4,269.3,61.4,12.8,78636,8.72,
1974-08-01,40.2,49.9,45.2366,28.584,12.01,8.04,5.5,884.1,270.1,61.2,12.1,78619,9.0,
1974-09-01,40.0,50.6,45.2365,28.298,11.34,8.04,5.9,887.9,271.0,61.4,12.9,78610,9.24,
1974-10-01,40.0,51.0,45.1133,28.22,10.06,7.9,6.0,893.3,272.3,61.3,13.4,78630,9.27,
1974-11-01,39.5,51.5,43.6278,27.921,9.45,7.68,6.6,898.6,273.7,61.3,13.8,78265,8.89,
1974-12-01,39.3,51.9,42.0533,27.867,8.53,7.43,7.2,902.1,274.2,61.2,14.0,77652,8.89,
1975-01-01,39.2,52.3,41.4676,28.094,7.13,7.5,8.1,906.3,273.9,61.4,13.2,77293,8.83,
1975-02-01,38.9,52.6,40.5165,28.339,6.24,7.39,8.1,914.1,275.0,61.0,12.5,76918,8.62,
1975-03-01,38.8,52.8,40.0638,28.279,5.54,7.73,8.6,925.0,276.4,61.2,12.7,76648,8.67,
1975-04-01,39.0,53.0,40.1573,28.311,5.49,8.23,8.8,935.1,276.2,61.3,14.2,76460,8.95,
1975-05-01,39.0,53.1,40.0253,28.877,5.22,8.06,9.0,947.9,279.2,61.5,17.3,76624,8.9,
1975-06-01,39.2,53.5,40.2772,28.918,5.55,7.86,8.8,963.0,282.4,61.2,14.3,76521,8.77,
1975-07-01,39.4,54.0,40.6994,29.035,6.1,8.06,8.6,975.1,283.7,61.3,12.6,76770,8.84,
1975-08-01,39.7,54.2,41.0998,29.11,6.14,8.4,8.4,983.1,284.1,61.3,13.0,77153,8.95,
1975-09-01,39.8,54.6,41.6304,29.184,6.24,8.43,8.4,991.5,285.7,61.2,13.0,77228,8.95,
1975-10-01,39.9,54.9,41.8135,29.182,5.82,8.14,8.4,997.8,285.4,61.2,13.4,77540,8.86,
1975-11-01,39.9,55.3,41.8697,29.403,5.22,8.05,8.3,1006.9,286.8,61.1,12.7,77685,8.78,
1975-12-01,40.2,55.6,42.4414,29.684,5.2,8.0,8.2,1016.2,287.1,61.1,12.0,78017,8.79,
1976-01-01,40.3,55.8,43.0012,29.978,4.87,7.74,7.9,1026.6,288.4,61.3,11.7,78503,8.6,
1976-02-01,40.4,55.9,43.4229,29.953,4.77,7.79,7.7,1040.3,290.8,61.3,12.3,78816,8.55,
1976-03-01,40.2,56.0,43.5168,30.102,4.84,7.73,7.6,1050.0,292.7,61.3,12.2,79048,8.52,
1976-04-01,39.6,56.1,43.7327,30.317,4.82,7.56,7.7,1060.8,294.7,61.6,11.7,79292,8.4,
1976-05-01,40.3,56.4,43.9186,30.1,5.29,7.9,7.4,1072.1,295.9,61.5,12.3,79312,8.58,
1976-06-01,40.2,56.7,43.9637,30.444,5.48,7.86,7.6,1077.6,296.2,61.5,11.4,79376,8.62,
1976-07-01,40.3,57.0,44.2141,30.532,5.31,7.83,7.8,1086.3,297.2,61.8,11.7,79547,8.56,
1976-08-01,40.2,57.3,44.5182,30.586,5.29,7.77,7.8,1098.7,299.0,61.8,11.7,79704,8.45,
1976-09-01,40.2,57.6,44.6721,30.7,5.25,7.59,7.6,1110.8,299.6,61.6,11.4,79892,8.38,
1976-10-01,40.0,57.9,44.6585,30.748,5.02,7.41,7.7,1125.0,302.0,61.6,11.1,79911,8.32,
1976-11-01,40.1,58.1,45.3392,30.926,4.95,7.29,7.8,1138.2,303.6,61.9,11.4,80240,8.25,
1976-12-01,39.9,58.4,45.8294,31.336,4.65,6.87,7.8,1152.0,306.2,61.8,10.6,80448,7.98,
1977-01-01,39.4,58.7,45.5087,31.246,4.61,7.21,7.5,1165.2,308.3,61.6,10.6,80690,7.96,
1977-02-01,40.2,59.3,46.2277,31.42,4.68,7.39,7.6,1177.6,311.5,61.9,9.3,80988,8.04,
1977-03-01,40.3,59.6,46.8185,31.441,4.69,7.46,7.4,1188.5,313.9,62.0,10.5,81391,8.1,
1977-04-01,40.4,60.0,47.2684,31.485,4.73,7.37,7.2,1199.6,316.0,62.1,10.5,81728,8.04,
1977-05-01,40.5,60.2,47.6411,31.572,5.35,7.46,7.0,1209.0,317.2,62.2,10.3,82088,8.05,
1977-06-01,40.5,60.5,48.0116,31.56,5.39,7.28,7.2,1217.8,318.8,62.4,10.6,82488,7.95,
1977-07-01,40.4,60.8,48.073,31.816,5.42,7.33,6.9,1226.7,320.2,62.1,10.5,82834,7.94,
1977-08-01,40.4,61.1,48.1205,31.798,5.9,7.4,7.0,1237.0,322.3,62.3,10.9,83075,7.98,
1977-09-01,40.4,61.3,48.3189,31.897,6.14,7.34,6.8,1246.2,324.5,62.3,11.1,83532,7.92,
1977-10-01,40.6,61.6,48.3871,32.164,6.47,7.52,6.8,1254.0,326.4,62.4,11.0,83800,8.04,
1977-11-01,40.5,62.0,48.4761,32.36,6.51,7.58,6.8,1262.4,328.6,62.8,11.2,84173,8.08,
1977-12-01,40.4,62.3,48.5629,32.424,6.56,7.69,6.4,1270.3,330.9,62.7,11.4,84410,8.19,
1978-01-01,39.5,62.7,47.8481,32.077,6.7,7.96,6.4,1279.7,334.4,62.8,11.9,84594,8.41,
1978-02-01,39.9,63.0,48.1044,32.545,6.78,8.03,6.3,1285.5,335.3,62.7,11.1,84948,8.47,
1978-03-01,40.5,63.4,49.0265,32.87,6.79,8.04,6.3,1292.2,337.0,62.8,11.0,85460,8.47,
1978-04-01,40.4,63.9,50.0206,33.068,6.89,8.15,6.1,1300.4,339.9,63.0,10.8,86162,8.56,
1978-05-01,40.4,64.5,50.254,33.2,7.36,8.35,6.0,1310.5,344.9,63.1,10.3,86509,8.69,
1978-06-01,40.6,65.0,50.5801,33.308,7.6,8.46,5.9,1318.5,346.9,63.3,10.0,86950,8.76,
1978-07-01,40.6,65.5,50.5384,33.15,7.81,8.64,6.2,1324.1,347.6,63.2,10.9,87204,8.88,
1978-08-01,40.5,65.9,50.7458,33.449,8.04,8.41,5.9,1333.5,349.6,63.2,10.5,87483,8.69,
1978-09-01,40.5,66.5,50.8744,33.395,8.45,8.42,6.0,1345.0,352.2,63.3,10.6,87621,8.69,
1978-10-01,40.5,67.1,51.2559,33.452,8.96,8.64,5.8,1352.3,353.3,63.3,10.7,87956,8.89,
1978-11-01,40.6,67.5,51.6514,33.573,9.76,8.81,5.9,1359.1,355.4,63.5,10.5,88391,9.03,
1978-12-01,40.5,67.9,51.909,33.776,10.03,9.01,6.0,1366.0,357.3,63.6,10.4,88671,9.16,
1979-01-01,40.4,68.5,51.6278,33.654,10.07,9.1,5.9,1371.6,358.6,63.6,11.1,88808,9.25,
1979-02-01,40.5,69.2,51.8752,33.818,10.06,9.1,5.9,1377.8,359.9,63.8,11.0,89055,9.26,
1979-03-01,40.6,69.9,52.0446,33.851,10.09,9.12,5.8,1387.8,362.5,63.8,11.2,89479,9.37,
1979-04-01,39.3,70.6,51.4193,33.66,10.01,9.18,5.8,1402.1,368.0,63.5,11.0,89417,9.38,
1979-05-01,40.2,71.4,51.8856,33.755,10.24,9.25,5.6,1410.2,369.6,63.3,10.3,89789,9.5,
1979-06-01,40.2,72.2,51.8965,33.842,10.29,8.91,5.7,1423.0,373.4,63.5,9.8,90108,9.29,
1979-07-01,40.2,73.0,51.8097,33.809,10.47,8.95,5.7,1434.8,377.2,63.6,10.6,90217,9.2,
1979-08-01,40.1,73.7,51.4684,34.175,10.94,9.03,6.0,1446.6,378.8,63.6,9.7,90300,9.23,
1979-09-01,40.1,74.4,51.4597,34.259,11.43,9.33,5.9,1454.1,379.3,63.8,9.4,90327,9.44,
1979-10-01,40.2,75.2,51.8334,34.142,13.77,10.3,6.0,1460.4,380.8,63.7,9.7,90481,10.13,
1979-11-01,40.1,76.0,51.7531,34.229,13.18,10.65,5.9,1465.9,380.8,63.7,9.7,90573,10.76,
1979-12-01,40.1,76.9,51.7878,34.127,13.78,10.39,6.0,1473.7,381.8,63.9,10.1,90672,10.74,
1980-01-01,40.0,78.0,52.0679,34.401,13.82,10.8,6.3,1482.7,385.8,64.0,9.9,90800,11.09,
1980-02-01,40.1,79.0,52.082,34.114,14.13,12.41,6.3,1494.6,390.1,64.0,10.1,90883,12.38,
1980-03-01,39.9,80.1,51.87,33.836,17.19,12.75,6.3,1499.8,388.4,63.7,10.3,90994,12.96,
1980-04-01,39.8,80.9,50.8397,33.405,17.61,11.47,6.9,1502.2,383.8,63.8,11.4,90849,12.04,
1980-05-01,39.3,81.7,49.589,33.242,10.98,10.18,7.5,1512.3,384.8,63.9,11.5,90420,10.99,
1980-06-01,39.2,82.5,48.9482,33.398,9.47,9.78,7.6,1529.2,389.1,63.7,11.3,90101,10.58,
1980-07-01,39.1,82.6,48.6039,33.685,9.03,10.25,7.8,1545.5,394.0,63.8,11.4,89840,11.07,
1980-08-01,39.5,83.2,48.7563,33.725,9.61,11.1,7.7,1561.5,399.2,63.7,11.4,90099,11.64,
1980-09-01,39.6,83.9,49.5608,33.732,10.87,11.51,7.5,1574.0,404.8,63.6,11.7,90213,12.02,
1980-10-01,39.8,84.7,50.1908,34.153,12.81,11.75,7.5,1584.8,409.0,63.7,11.3,90490,12.31,
1980-11-01,39.9,85.6,51.0311,34.058,15.85,12.68,7.5,1595.8,410.7,63.8,11.6,90747,12.97,
1980-12-01,40.1,86.4,51.3708,34.299,18.9,12.84,7.2,1599.8,408.5,63.6,11.4,90943,13.21,
1981-01-01,40.1,87.2,51.0415,34.308,19.08,12.57,7.5,1606.9,411.3,63.9,10.9,91033,12.81,
1981-02-01,39.8,88.0,50.824,34.222,15.93,13.19,7.4,1618.7,414.8,63.9,10.8,91105,13.35,
1981-03-01,40.0,88.6,51.0826,34.322,14.7,13.12,7.4,1636.6,419.0,64.1,10.8,91210,13.33,
1981-04-01,40.1,89.1,50.858,34.199,15.72,13.68,7.2,1659.2,427.4,64.2,10.8,91283,13.88,
1981-05-01,40.2,89.7,51.1495,34.215,18.52,14.1,7.5,1664.2,424.7,64.3,10.9,91296,14.32,
1981-06-01,40.0,90.5,51.4101,34.447,19.1,13.47,7.5,1670.3,425.2,63.7,10.8,91490,13.75,
1981-07-01,39.9,91.5,51.7471,34.376,19.04,14.28,7.2,1681.9,426.9,63.8,12.3,91601,14.38,
1981-08-01,40.0,92.2,51.6826,34.594,17.82,14.94,7.4,1694.3,426.9,63.8,12.0,91565,14.89,
1981-09-01,39.6,93.1,51.4337,34.367,15.87,15.32,7.6,1706.0,427.0,63.5,12.3,91477,15.49,
1981-10-01,39.6,93.4,51.0281,34.183,15.08,15.15,7.9,1721.8,428.4,63.8,12.9,91380,15.4,
1981-11-01,39.4,93.8,50.435,34.118,13.31,13.39,8.3,1736.1,431.3,63.9,13.0,91171,14.22,
1981-12-01,39.2,94.1,49.8987,34.328,12.37,13.72,8.5,1755.5,436.7,63.6,12.4,90895,14.23,
1982-01-01,37.3,94.4,48.8685,34.267,13.22,14.59,8.6,1770.4,442.7,63.7,12.6,90565,15.18,
1982-02-01,39.6,94.7,49.8636,34.578,14.78,14.43,8.9,1774.5,441.9,63.8,12.0,90563,15.27,
1982-03-01,39.1,94.7,49.5323,34.54,14.68,13.86,9.0,1786.5,442.7,63.8,12.1,90434,14.58,
1982-04-01,39.1,95.0,49.075,34.56,14.94,13.87,9.3,1803.9,447.1,63.9,12.8,90150,14.46,
1982-05-01,39.1,95.9,48.7483,34.664,14.45,13.62,9.4,1815.4,446.7,64.2,12.2,90107,14.26,
1982-06-01,39.2,97.0,48.6214,34.476,14.15,14.3,9.6,1826.0,447.5,63.9,12.2,89865,14.81,
1982-07-01,39.2,97.5,48.4616,34.678,12.59,13.95,9.8,1831.5,448.0,64.0,12.5,89521,14.61,
1982-08-01,39.0,97.7,48.0192,34.703,10.12,13.06,9.8,1845.2,451.4,64.1,12.5,89363,13.71,
1982-09-01,39.0,97.7,47.9008,35.015,10.31,12.34,10.1,1858.4,456.9,64.1,11.7,89183,12.94,
1982-10-01,38.9,98.1,47.4371,35.169,9.71,10.91,10.4,1869.7,464.5,64.1,11.2,88907,12.12,
1982-11-01,39.0,98.0,47.283,35.452,9.2,10.55,10.8,1883.7,471.5,64.2,10.9,88786,11.68,
1982-12-01,39.0,97.7,46.9485,35.603,8.95,10.54,10.8,1905.9,474.8,64.1,10.9,88771,11.83,
1983-01-01,39.3,97.9,47.8234,35.639,8.68,10.46,10.4,1959.4,477.2,63.9,11.1,88990,11.79,
1983-02-01,39.3,98.0,47.5233,35.63,8.51,10.72,10.4,1996.8,484.3,63.8,11.2,88917,12.01,
1983-03-01,39.6,98.1,47.9244,36.005,8.77,10.51,10.3,2015.2,490.6,63.7,10.7,89090,11.73,
1983-04-01,39.7,98.8,48.5311,36.226,8.8,10.4,10.2,2028.6,493.2,63.8,10.3,89364,11.51,
1983-05-01,40.0,99.2,48.8239,36.441,8.63,10.38,10.1,2043.1,500.0,63.7,9.9,89644,11.46,
1983-06-01,40.1,99.4,49.123,36.792,8.98,10.85,10.1,2053.5,504.0,64.3,9.2,90021,11.74,
1983-07-01,40.3,99.8,49.8546,37.042,9.37,11.38,9.4,2064.8,507.8,64.1,9.7,90437,12.15,
1983-08-01,40.3,100.1,50.4443,37.14,9.56,11.85,9.5,2074.0,510.5,64.3,9.2,90129,12.51,
1983-09-01,40.6,100.4,51.178,37.24,9.45,11.65,9.2,2083.2,512.8,64.3,9.6,91247,12.37,
1983-10-01,40.6,100.8,51.5693,37.538,9.48,11.54,8.8,2099.2,517.2,64.0,9.7,91520,12.25,
1983-11-01,40.6,101.1,51.7993,37.623,9.34,11.69,8.5,2112.3,519.0,64.1,10.3,91875,12.41,
1983-12-01,40.5,101.4,52.0594,38.036,9.47,11.83,8.3,2123.5,521.4,64.1,10.1,92230,12.57,
1984-01-01,40.6,102.1,53.0985,38.277,9.56,11.67,8.0,2138.2,525.1,63.9,9.9,92673,12.2,
1984-02-01,41.1,102.6,53.3318,37.772,9.59,11.84,7.8,2158.2,527.5,64.1,11.6,93157,12.08,
1984-03-01,40.7,102.9,53.5929,38.087,9.91,12.32,7.8,2175.2,531.4,64.1,11.4,93429,12.57,
1984-04-01,40.8,103.3,53.91,38.348,10.29,12.63,7.7,2191.7,535.0,64.3,11.4,93792,12.81,
1984-05-01,40.7,103.5,54.2026,38.564,10.32,13.41,7.4,2204.1,536.7,64.5,11.0,94098,13.28,
1984-06-01,40.6,103.7,54.4014,38.824,11.06,13.56,7.2,2215.1,540.2,64.6,11.0,94479,13.55,
1984-07-01,40.6,104.1,54.5521,38.669,11.23,13.36,7.5,2223.5,540.9,64.6,11.4,94789,13.44,
1984-08-01,40.5,104.4,54.6083,38.822,11.64,12.72,7.5,2230.4,541.0,64.4,11.7,95032,12.87,
1984-09-01,40.5,104.7,54.4466,39.103,11.3,12.52,7.3,2244.4,543.1,64.4,11.7,95344,12.66,
1984-10-01,40.5,105.1,54.4406,38.973,9.99,12.16,7.4,2258.9,543.7,64.4,11.6,95629,12.63,
1984-11-01,40.4,105.3,54.624,39.535,9.43,11.57,7.2,2281.4,547.5,64.5,10.7,95982,12.29,
1984-12-01,40.5,105.5,54.6416,39.596,8.38,11.5,7.3,2306.4,551.6,64.6,11.1,96107,12.13,
1985-01-01,40.3,105.7,54.6322,39.951,8.35,11.38,7.3,2332.4,557.0,64.7,10.2,96372,12.08,
1985-02-01,40.1,106.3,54.7825,40.1,8.5,11.51,7.2,2354.1,563.6,64.7,8.9,96503,12.13,
1985-03-01,40.4,106.8,54.8653,40.06,8.58,11.86,7.2,2366.2,566.6,64.9,8.6,96842,12.56,
1985-04-01,40.5,107.0,54.7459,40.169,8.27,11.43,7.3,2375.4,570.4,64.9,9.8,97038,12.23,
1985-05-01,40.4,107.2,54.8255,40.63,7.97,10.85,7.2,2389.5,575.1,64.8,11.0,97312,11.72,
1985-06-01,40.5,107.5,54.7989,40.415,7.53,10.16,7.4,2412.6,582.3,64.6,9.6,97459,10.94,
1985-07-01,40.4,107.7,54.5396,40.71,7.88,10.31,7.4,2429.5,589.1,64.7,9.1,97648,10.97,
1985-08-01,40.6,107.9,54.7055,41.12,7.9,10.33,7.1,2444.0,596.2,64.6,8.1,97840,11.05,
1985-09-01,40.6,108.1,54.8906,41.685,7.92,10.37,7.1,2456.4,603.3,64.9,7.3,98045,11.07,
1985-10-01,40.7,108.5,54.7199,41.037,7.99,10.24,7.1,2468.0,607.8,65.0,9.1,98233,11.02,
1985-11-01,40.7,109.0,54.9124,41.146,8.05,9.78,7.0,2477.8,612.2,64.9,9.0,98443,10.55,
1985-12-01,40.9,109.5,55.4412,41.601,8.27,9.26,7.0,2492.1,619.8,65.0,8.6,98609,10.16,
1986-01-01,40.7,109.9,55.7481,41.643,8.14,9.19,6.7,2502.1,621.4,64.9,8.7,98732,10.05,
1986-02-01,40.7,109.7,55.3568,41.54,7.86,8.7,7.2,2512.9,625.2,65.0,9.3,98847,9.67,
1986-03-01,40.7,109.1,54.9625,41.682,7.48,7.78,7.2,2533.1,633.5,65.1,9.9,98934,9.0,
1986-04-01,40.5,108.7,55.0413,41.939,6.99,7.3,7.1,2557.8,641.0,65.1,9.7,99121,8.79,
1986-05-01,40.7,109.0,55.1226,42.191,6.85,7.71,7.2,2584.8,652.0,65.2,9.3,99248,9.09,
1986-06-01,40.7,109.4,54.9005,42.096,6.92,7.8,7.2,2605.0,660.6,65.4,9.4,99155,9.13,
1986-07-01,40.6,109.5,55.2592,42.373,6.56,7.3,7.0,2626.6,670.3,65.4,9.3,99473,8.88,
1986-08-01,40.7,109.6,55.1567,42.576,6.17,7.17,6.9,2646.5,678.7,65.3,8.9,99588,8.72,
1986-09-01,40.7,110.0,55.2975,43.509,5.89,7.45,7.0,2667.8,687.4,65.4,7.1,99934,8.89,
1986-10-01,40.6,110.2,55.5332,42.862,5.85,7.43,7.0,2687.4,694.9,65.4,8.3,100121,8.86,
1986-11-01,40.7,110.4,55.7557,42.72,6.04,7.25,6.9,2701.3,705.4,65.4,8.6,100308,8.68,
1986-12-01,40.8,110.8,56.2845,43.662,6.91,7.11,6.6,2728.0,724.7,65.3,6.8,100509,8.49,
1987-01-01,40.8,111.4,56.0882,42.566,6.43,7.08,6.6,2743.9,730.2,65.4,9.4,100678,8.36,
1987-02-01,41.2,111.8,56.8275,43.374,6.1,7.25,6.6,2747.5,730.7,65.5,8.2,100919,8.38,
1987-03-01,41.0,112.2,56.9098,43.426,6.13,7.25,6.6,2753.7,733.8,65.5,8.1,101164,8.36,
1987-04-01,40.8,112.7,57.2701,43.632,6.37,8.02,6.3,2767.7,743.9,65.4,4.1,101499,8.85,
1987-05-01,41.0,113.0,57.6322,43.658,6.85,8.61,6.3,2772.9,745.8,65.7,7.8,101728,9.33,
1987-06-01,40.9,113.5,57.9307,43.841,6.73,8.4,6.2,2774.6,743.2,65.5,7.3,101900,9.32,
1987-07-01,41.0,113.8,58.3258,44.054,6.58,8.45,6.1,2779.0,743.0,65.6,7.1,102247,9.42,
1987-08-01,40.9,114.3,58.7636,44.391,6.73,8.76,6.0,2788.2,744.9,65.7,6.8,102420,9.67,
1987-09-01,40.8,114.7,58.9951,44.182,7.22,9.42,5.9,2799.5,747.6,65.5,7.2,102647,10.18,
1987-10-01,41.1,115.0,59.781,44.155,7.29,9.52,6.0,2814.8,756.2,65.7,7.9,103138,10.52,
1987-11-01,41.0,115.4,60.0726,44.207,6.69,8.86,5.8,2818.9,753.2,65.7,8.2,103372,10.01,
1987-12-01,41.0,115.6,60.4095,44.545,6.77,8.99,5.7,2826.4,750.2,65.7,8.4,103661,10.11,
1988-01-01,41.1,116.0,60.3976,44.927,6.83,8.67,5.7,2847.4,756.2,65.8,7.9,103753,9.88,
1988-02-01,41.1,116.2,60.7003,44.969,6.58,8.21,5.7,2870.4,757.7,65.9,8.4,104214,9.4,
1988-03-01,40.9,116.5,60.8501,45.359,6.58,8.37,5.7,2890.7,761.8,65.7,8.0,104489,9.39,
1988-04-01,41.0,117.2,61.2031,45.173,6.87,8.72,5.4,2910.7,768.1,65.8,8.7,104732,9.67,
1988-05-01,41.0,117.5,61.0797,45.466,7.09,9.09,5.6,2926.0,771.7,65.7,8.3,104962,9.9,
1988-06-01,41.1,118.0,61.2569,45.615,7.51,8.92,5.4,2938.4,778.3,65.8,8.4,105326,9.86,
1988-07-01,41.1,118.5,61.2659,45.725,7.75,9.06,5.4,2947.2,781.4,65.9,8.6,105550,9.96,
1988-08-01,40.9,119.0,61.5731,45.934,8.01,9.26,5.6,2952.0,783.3,66.1,8.4,105674,10.11,
1988-09-01,41.0,119.5,61.3807,45.806,8.19,8.98,5.4,2956.9,783.7,65.9,8.8,106013,9.82,
1988-10-01,41.1,119.9,61.6453,46.181,8.3,8.8,5.4,2965.3,783.3,66.0,8.6,106276,9.51,
1988-11-01,41.1,120.3,61.7944,46.298,8.35,8.96,5.3,2980.2,784.9,66.2,8.4,106617,9.45,
1988-12-01,40.9,120.7,62.0743,46.55,8.76,9.11,5.3,2988.2,786.7,66.1,8.3,106898,9.57,
1989-01-01,41.1,121.2,62.2574,46.633,9.12,9.09,5.4,2991.7,785.7,66.5,8.5,107161,9.62,
1989-02-01,41.2,121.6,61.9819,46.535,9.36,9.17,5.2,2992.2,783.8,66.3,8.9,107427,9.64,
1989-03-01,41.1,122.2,62.1369,46.505,9.85,9.36,5.0,2999.7,783.0,66.3,9.4,107621,9.8,
1989-04-01,41.1,123.1,62.1276,46.781,9.84,9.18,5.2,3006.0,779.2,66.4,8.3,107791,9.79,
1989-05-01,41.0,123.7,61.7744,46.726,9.81,8.86,5.2,3011.6,775.0,66.3,8.0,107913,9.57,
1989-06-01,40.9,124.1,61.7697,46.818,9.53,8.28,5.3,3027.9,773.5,66.5,8.1,108027,9.1,
1989-07-01,40.9,124.5,61.1738,46.957,9.24,8.02,5.2,3052.4,777.8,66.5,8.1,108069,8.93,
1989-08-01,40.9,124.5,61.7732,47.408,8.99,8.11,5.2,3074.4,779.4,66.5,7.5,108120,8.96,
1989-09-01,40.8,124.8,61.5796,47.319,9.02,8.19,5.3,3092.5,781.0,66.4,7.9,108369,9.01,
1989-10-01,40.8,125.4,61.4966,47.287,8.84,8.01,5.3,3114.1,786.6,66.5,8.4,108476,8.92,
1989-11-01,40.7,125.9,61.7044,47.31,8.55,7.87,5.4,3133.3,787.9,66.6,8.5,108752,8.89,
1989-12-01,40.5,126.3,62.0428,47.702,8.45,7.84,5.4,3152.5,792.9,66.5,7.7,108836,8.86,
1990-01-01,40.5,127.5,61.729,47.94,8.23,8.21,5.4,3166.8,795.4,66.8,7.9,109196,8.99,
1990-02-01,40.6,128.0,62.2896,47.698,8.24,8.47,5.3,3179.2,798.1,66.7,8.5,109436,9.22,
1990-03-01,40.6,128.6,62.5999,47.859,8.28,8.59,5.2,3190.1,801.5,66.7,8.3,109640,9.37,
1990-04-01,40.4,128.9,62.4359,47.95,8.26,8.79,5.4,3201.6,806.1,66.6,8.7,109674,9.46,
1990-05-01,40.6,129.1,62.6258,47.916,8.18,8.76,5.4,3200.6,804.2,66.6,8.7,109828,9.47,
1990-06-01,40.7,129.9,62.8382,48.068,8.29,8.48,5.2,3213.7,808.8,66.4,8.6,109850,9.26,
1990-07-01,40.6,130.5,62.7284,48.166,8.15,8.47,5.5,3224.5,810.1,66.5,8.7,109815,9.24,
1990-08-01,40.5,131.6,62.9475,48.181,8.13,8.75,5.7,3242.0,815.7,66.5,8.1,109607,9.41,
1990-09-01,40.5,132.5,62.9523,48.158,8.2,8.89,5.9,3254.6,820.2,66.4,8.1,109522,9.56,
1990-10-01,40.4,133.4,62.5845,47.889,8.11,8.72,5.9,3259.3,819.9,66.4,7.9,109377,9.53,
1990-11-01,40.2,133.7,61.7887,47.845,7.81,8.39,6.2,3262.6,822.1,66.4,8.0,109222,9.3,
1990-12-01,40.3,134.2,61.3352,47.67,7.31,8.08,6.3,3271.8,824.7,66.4,8.8,109168,9.05,
1991-01-01,40.2,134.7,61.1355,47.241,6.91,8.09,6.4,3287.7,827.2,66.2,9.4,109058,9.04,
1991-02-01,40.1,134.8,60.6838,47.533,6.25,7.85,6.6,3304.5,832.6,66.2,9.0,108735,8.83,
1991-03-01,40.0,134.8,60.3346,48.092,6.12,8.11,6.8,3321.9,838.7,66.3,8.1,108568,8.93,
1991-04-01,40.1,135.1,60.4938,47.933,5.91,8.04,6.7,3332.4,843.1,66.4,8.7,108350,8.86,
1991-05-01,40.2,135.6,61.0633,48.055,5.78,8.07,6.9,3343.0,848.8,66.2,8.5,108253,8.86,
1991-06-01,40.4,136.0,61.5581,48.063,5.9,8.28,6.9,3351.9,856.7,66.2,9.0,108330,9.01,
1991-07-01,40.5,136.2,61.7305,48.297,5.82,8.27,6.8,3356.1,861.6,66.1,8.4,108290,9.0,
1991-08-01,40.6,136.6,61.7298,48.224,5.66,7.9,6.9,3355.0,866.8,66.0,8.7,108300,8.75,
1991-09-01,40.6,137.0,62.2195,48.247,5.45,7.65,6.9,3354.9,869.7,66.2,8.9,108335,8.61,
1991-10-01,40.6,137.2,62.1855,48.053,5.21,7.53,7.0,3360.1,878.0,66.1,9.4,108361,8.55,
1991-11-01,40.7,137.8,62.0871,48.28,4.81,7.42,7.0,3365.5,887.6,66.1,9.1,108300,8.48,
1991-12-01,40.6,138.2,61.7852,48.363,4.43,7.09,7.3,3372.2,897.0,66.0,9.8,108330,8.31,
1992-01-01,40.6,138.3,61.4616,49.068,4.03,7.03,7.3,3381.2,910.4,66.3,9.5,108365,8.2,50251.0
1992-02-01,40.7,138.6,61.8955,49.123,4.06,7.34,7.4,3400.0,925.2,66.2,9.8,108312,8.29,51682.0
1992-03-01,40.7,139.1,62.4232,49.213,3.98,7.54,7.4,3403.9,936.7,66.4,9.7,108367,8.35,50294.0
1992-04-01,40.8,139.4,62.897,49.254,3.73,7.48,7.4,3399.7,943.8,66.5,9.8,108516,8.33,50302.0
1992-05-01,40.9,139.7,63.104,49.509,3.82,7.39,7.6,3398.6,950.6,66.6,9.8,108646,8.28,50044.0
1992-06-01,40.8,140.1,63.1363,49.643,3.76,7.26,7.8,3393.4,954.3,66.7,10.0,108706,8.22,51727.0
1992-07-01,40.8,140.5,63.7176,49.808,3.25,6.84,7.7,3393.9,963.3,66.7,9.5,108793,8.07,52533.0
1992-08-01,40.8,140.8,63.3613,49.932,3.3,6.59,7.6,3398.8,973.7,66.6,9.6,108916,7.95,50940.0
1992-09-01,40.7,141.1,63.5703,50.257,3.22,6.42,7.6,3410.3,988.0,66.5,8.6,108951,7.92,51984.0
1992-10-01,40.8,141.7,63.9995,50.426,3.1,6.59,7.3,3423.8,1003.7,66.2,7.9,109139,7.99,53035.0
1992-11-01,40.9,142.1,64.2422,50.512,3.09,6.87,7.4,3426.5,1015.7,66.3,7.9,109283,8.1,52246.0
1992-12-01,40.9,142.3,64.3507,50.845,2.92,6.77,7.4,3424.7,1024.9,66.3,10.5,109502,7.98,51843.0
1993-01-01,41.1,142.8,64.5978,50.772,3.02,6.6,7.3,3419.1,1030.4,66.2,8.5,109790,7.91,52568.0
1993-02-01,41.1,143.1,64.9089,50.866,3.03,6.26,7.1,3414.5,1033.5,66.2,8.8,110047,7.71,52480.0
1993-03-01,40.8,143.3,64.8522,50.728,3.07,5.98,7.0,3411.7,1038.4,66.2,8.8,110004,7.58,53035.0
1993-04-01,41.3,143.8,65.0301,51.07,2.96,5.97,7.1,3411.3,1047.6,66.1,8.7,110300,7.46,53139.0
1993-05-01,41.1,144.2,64.784,51.248,3.0,6.04,7.1,3436.9,1065.9,66.4,8.2,110571,7.43,54229.0
1993-06-01,41.0,144.3,64.9301,51.434,3.04,5.96,7.0,3442.4,1075.1,66.5,7.7,110742,7.33,52346.0
1993-07-01,41.1,144.5,65.1052,51.687,3.06,5.81,6.9,3442.0,1084.6,66.4,7.5,111054,7.17,52818.0
1993-08-01,41.1,144.8,65.0267,51.739,3.03,5.68,6.8,3445.7,1094.2,66.4,7.6,111200,6.85,53224.0
1993-09-01,41.3,145.0,65.3717,52.036,3.09,5.36,6.7,3452.2,1104.2,66.2,6.8,111448,6.66,53648.0
1993-10-01,41.3,145.6,65.8509,52.117,2.99,5.33,6.8,3456.7,1113.1,66.3,6.2,111734,6.67,55476.0
1993-11-01,41.3,146.0,66.1518,52.263,3.02,5.72,6.6,3470.1,1124.1,66.3,6.2,111987,6.93,54345.0
1993-12-01,41.4,146.3,66.5436,52.447,2.96,5.77,6.5,3474.5,1129.6,66.4,9.0,112325,6.93,55552.0
1994-01-01,41.4,146.3,66.7351,52.59,3.05,5.75,6.6,3474.9,1131.6,66.6,7.0,112601,6.92,55159.0
1994-02-01,40.9,146.7,66.774,53.012,3.25,5.97,6.6,3475.7,1136.3,66.6,6.4,112782,7.08,53729.0
1994-03-01,41.7,147.1,67.4552,53.019,3.34,6.48,6.5,3480.1,1140.1,66.5,6.7,113245,7.48,58307.0
1994-04-01,41.7,147.2,67.8541,53.243,3.56,6.97,6.4,3481.3,1141.1,66.5,6.3,113589,7.88,56436.0
1994-05-01,41.8,147.5,68.1663,53.147,4.01,7.18,6.1,3490.8,1143.3,66.6,7.5,113922,7.99,57342.0
1994-06-01,41.8,147.9,68.6265,53.465,4.25,7.1,6.1,3479.5,1145.2,66.4,6.8,114239,7.97,58451.0
1994-07-01,41.8,148.4,68.7178,53.43,4.26,7.3,6.1,3488.2,1150.7,66.4,6.9,114608,8.11,58492.0
1994-08-01,41.7,149.0,69.1785,53.782,4.47,7.24,6.0,3485.7,1150.6,66.6,6.4,114902,8.07,60407.0
1994-09-01,41.6,149.3,69.3961,53.862,4.73,7.46,5.9,3486.1,1151.9,66.6,6.7,115246,8.34,60715.0
1994-10-01,41.8,149.4,69.9544,54.197,4.76,7.74,5.8,3484.3,1150.2,66.7,7.0,115457,8.57,59861.0
1994-11-01,41.8,149.8,70.4326,54.237,5.29,7.96,5.6,3487.2,1150.9,66.7,6.9,115867,8.68,61532.0
1994-12-01,41.8,150.1,71.1523,54.381,5.45,7.81,5.5,3486.4,1150.7,66.7,7.0,116174,8.46,62825.0
1995-01-01,41.8,150.5,71.2734,54.379,5.53,7.78,5.6,3492.4,1151.4,66.8,7.3,116505,8.46,63118.0
1995-02-01,41.7,150.9,71.193,54.278,5.92,7.47,5.4,3489.9,1147.4,66.8,7.7,116694,8.26,63077.0
1995-03-01,41.5,151.2,71.3113,54.564,5.98,7.2,5.4,3491.1,1146.7,66.7,7.4,116908,8.12,64349.0
1995-04-01,40.9,151.8,71.1882,54.475,6.05,7.06,5.8,3499.2,1149.3,66.9,6.8,117066,8.03,65074.0
1995-05-01,41.2,152.1,71.5378,54.869,6.01,6.63,5.6,3524.2,1145.3,66.5,7.0,117046,7.65,65755.0
1995-06-01,41.2,152.4,71.7749,55.308,6.0,6.17,5.6,3548.9,1144.2,66.5,6.5,117291,7.3,64855.0
1995-07-01,41.1,152.6,71.4748,55.158,5.85,6.28,5.7,3567.4,1145.5,66.6,6.9,117382,7.41,66560.0
1995-08-01,41.2,152.9,72.4223,55.428,5.74,6.49,5.7,3589.0,1145.4,66.6,6.6,117646,7.57,67469.0
1995-09-01,41.3,153.1,72.7144,55.558,5.8,6.2,5.6,3602.1,1142.0,66.6,6.6,117873,7.32,68943.0
1995-10-01,41.2,153.5,72.5866,55.342,5.76,6.04,5.5,3613.4,1137.3,66.6,7.0,118026,7.12,68105.0
1995-11-01,41.3,153.7,72.7779,55.803,5.8,5.93,5.6,3619.9,1134.1,66.5,6.4,118165,7.02,68009.0
1995-12-01,40.9,153.9,73.0305,56.158,5.6,5.71,5.6,3629.5,1127.5,66.4,6.0,118325,6.82,69071.0
1996-01-01,39.7,154.7,72.6125,55.905,5.56,5.65,5.6,3647.9,1123.5,66.4,6.5,118317,6.81,68299.0
1996-02-01,41.3,155.0,73.6752,56.334,5.22,5.81,5.5,3661.8,1118.5,66.6,6.6,118738,6.99,69899.0
1996-03-01,41.1,155.5,73.585,56.607,5.31,6.27,5.5,3686.9,1122.6,66.6,6.4,118992,7.35,69797.0
1996-04-01,41.1,156.1,74.3172,56.816,5.22,6.51,5.6,3697.7,1124.8,66.7,5.5,119158,7.5,70126.0
1996-05-01,41.4,156.4,74.8726,56.89,5.24,6.74,5.6,3709.6,1116.5,66.7,6.5,119497,7.62,71029.0
1996-06-01,41.5,156.7,75.4433,56.956,5.27,6.91,5.3,3722.5,1115.2,66.7,6.9,119770,7.71,71056.0
1996-07-01,41.4,157.0,75.4549,57.077,5.4,6.87,5.5,3737.1,1112.4,66.9,6.5,120019,7.65,69404.0
1996-08-01,41.5,157.2,75.8411,57.273,5.22,6.64,5.1,3744.0,1101.6,66.7,6.4,120198,7.46,70563.0
1996-09-01,41.6,157.7,76.3158,57.346,5.3,6.83,5.2,3753.4,1096.2,66.9,6.4,120400,7.66,70553.0
1996-10-01,41.4,158.2,76.3384,57.516,5.24,6.53,5.2,3772.8,1085.7,67.0,6.1,120665,7.39,73769.0
1996-11-01,41.5,158.7,77.0397,57.659,5.31,6.2,5.4,3795.1,1083.5,67.0,6.2,120947,7.1,74263.0
1996-12-01,41.7,159.1,77.5333,57.888,5.29,6.3,5.4,3818.6,1081.3,67.0,6.1,121143,7.2,72842.0
1997-01-01,41.4,159.4,77.6562,58.162,5.25,6.58,5.3,3834.6,1081.2,67.0,5.9,121356,7.42,72910.0
1997-02-01,41.6,159.7,78.5833,58.285,5.19,6.42,5.2,3846.3,1078.8,66.9,6.0,121673,7.31,75225.0
1997-03-01,41.8,159.8,79.082,58.441,5.39,6.69,5.2,3861.2,1072.5,67.1,6.1,121991,7.55,77050.0
1997-04-01,41.8,159.9,79.1747,58.438,5.51,6.89,5.1,3877.0,1063.9,67.1,6.2,122289,7.73,77769.0
1997-05-01,41.7,159.9,79.6133,58.474,5.5,6.71,4.9,3889.2,1063.8,67.1,6.5,122560,7.58,77883.0
1997-06-01,41.6,160.2,79.9792,58.763,5.56,6.49,5.0,3906.0,1066.1,67.1,6.3,122816,7.41,78889.0
1997-07-01,41.6,160.4,80.6624,59.312,5.52,6.22,4.9,3923.9,1065.5,67.2,5.8,123114,7.14,80099.0
1997-08-01,41.7,160.8,81.4694,59.672,5.54,6.3,4.8,3957.4,1075.3,67.2,5.7,123087,7.22,78622.0
1997-09-01,41.7,161.2,82.2156,59.684,5.54,6.21,4.9,3973.1,1066.9,67.1,5.9,123575,7.15,79287.0
1997-10-01,41.8,161.5,82.9446,59.989,5.5,6.03,4.7,3992.3,1065.6,67.1,5.9,123924,7.0,79383.0
1997-11-01,41.8,161.7,83.5978,60.235,5.52,5.88,4.6,4014.8,1070.9,67.2,6.1,124225,6.87,78300.0
1997-12-01,42.0,161.8,83.9538,60.579,5.5,5.81,4.7,4032.9,1072.3,67.2,6.1,124549,6.76,79038.0
1998-01-01,41.9,162.0,84.3218,60.525,5.56,5.54,4.6,4056.2,1074.0,67.1,7.0,124806,6.61,79008.0
1998-02-01,41.7,162.0,84.4583,60.918,5.51,5.57,4.6,4088.9,1077.8,67.1,7.0,125017,6.67,77931.0
1998-03-01,41.5,162.0,84.488,61.189,5.49,5.65,4.7,4114.3,1076.9,67.1,7.1,125165,6.72,78812.0
1998-04-01,41.2,162.2,84.7779,61.516,5.45,5.64,4.3,4140.2,1076.5,67.0,6.9,125445,6.69,77626.0
1998-05-01,41.5,162.6,85.3367,61.961,5.49,5.65,4.4,4164.4,1079.1,67.0,6.6,125845,6.69,77147.0
1998-06-01,41.4,162.8,84.8248,62.372,5.56,5.5,4.5,4184.1,1076.3,67.0,6.5,126076,6.53,76961.0
1998-07-01,41.4,163.2,84.4986,62.412,5.54,5.46,4.5,4203.8,1075.1,67.0,6.6,126212,6.55,76149.0
1998-08-01,41.4,163.4,86.248,62.697,5.55,5.34,4.5,4228.7,1075.9,67.0,6.5,126546,6.52,75512.0
1998-09-01,41.3,163.5,86.2021,63.163,5.51,4.81,4.6,4267.7,1079.9,67.2,6.1,126744,6.4,77179.0
1998-10-01,41.4,163.9,86.7914,63.376,5.07,4.53,4.5,4307.9,1086.0,67.2,5.9,126949,6.37,79351.0
1998-11-01,41.4,164.1,86.7256,63.548,4.83,4.83,4.4,4346.6,1094.9,67.1,6.0,127222,6.41,79117.0
1998-12-01,41.5,164.4,87.1185,64.067,4.68,4.65,4.4,4375.6,1095.0,67.2,5.5,127595,6.22,78382.0
1999-01-01,41.3,164.7,87.4949,64.013,4.63,4.72,4.3,4403.0,1098.1,67.2,6.1,127699,6.24,78473.0
1999-02-01,41.4,164.7,88.027,64.316,4.76,5.0,4.4,4425.8,1096.7,67.2,6.0,128117,6.4,78212.0
1999-03-01,41.3,164.8,88.2267,64.624,4.81,5.23,4.2,4432.6,1096.6,67.0,5.6,128234,6.62,78701.0
1999-04-01,41.3,165.9,88.4295,65.011,4.74,5.18,4.3,4461.4,1101.6,67.1,4.7,128595,6.64,79530.0
1999-05-01,41.4,166.0,88.9886,65.311,4.74,5.54,4.2,4486.1,1103.8,67.1,4.4,128813,6.93,79539.0
1999-06-01,41.3,166.0,88.9188,65.586,4.76,5.9,4.3,4508.0,1099.8,67.1,4.3,129084,7.23,79808.0
1999-07-01,41.4,166.7,89.4333,65.697,4.99,5.79,4.3,4535.4,1099.1,67.1,4.4,129422,7.19,81122.0
1999-08-01,41.5,167.1,89.7924,66.041,5.07,5.94,4.2,4552.7,1099.2,67.0,4.3,129572,7.4,82645.0
1999-09-01,41.4,167.8,89.4299,66.372,5.22,5.92,4.2,4568.8,1096.5,67.0,3.7,129771,7.39,83727.0
1999-10-01,41.4,168.1,90.523,66.518,5.2,6.11,4.1,4592.7,1103.3,67.0,4.0,130178,7.55,83942.0
1999-11-01,41.4,168.4,90.9618,66.845,5.42,6.03,4.1,4611.8,1110.7,67.1,4.1,130466,7.36,84633.0
1999-12-01,41.4,168.8,91.6634,67.645,5.3,6.28,4.0,4639.3,1122.2,67.1,3.7,130783,7.55,86192.0
2000-01-01,41.5,169.3,91.538,67.481,5.45,6.66,4.0,4667.6,1122.1,67.3,4.5,131011,7.78,86001.0
2000-02-01,41.5,170.0,91.8239,68.116,5.73,6.52,4.1,4680.9,1108.6,67.3,4.0,131120,7.68,86540.0
2000-03-01,41.4,171.0,92.1504,68.451,5.85,6.26,4.0,4711.7,1107.5,67.3,3.8,131604,7.68,88115.0
2000-04-01,41.6,170.9,92.6989,68.431,6.02,5.99,3.8,4767.8,1115.6,67.3,4.3,131884,7.64,89359.0
2000-05-01,41.2,171.2,92.9499,68.688,6.27,6.44,4.0,4755.7,1104.9,67.1,4.3,132105,7.99,88958.0
2000-06-01,41.3,172.2,92.9862,68.834,6.53,6.1,4.0,4773.6,1102.6,67.1,4.3,132063,7.67,91635.0
2000-07-01,41.5,172.7,92.8048,68.882,6.54,6.05,4.0,4791.3,1103.5,66.9,4.7,132228,7.65,91195.0
2000-08-01,41.1,172.7,92.5521,69.236,6.5,5.83,4.1,4819.5,1100.2,66.9,4.8,132234,7.55,93112.0
2000-09-01,41.1,173.6,92.9792,69.808,6.52,5.8,3.9,4855.2,1099.7,66.9,4.1,132337,7.62,92896.0
2000-10-01,41.1,173.9,92.6179,69.765,6.51,5.74,3.9,4871.3,1098.7,66.8,4.3,132352,7.55,92177.0
2000-11-01,41.1,174.2,92.6438,69.829,6.51,5.72,3.9,4882.7,1092.4,66.9,4.3,132556,7.45,91919.0
2000-12-01,40.3,174.6,92.3415,70.149,6.4,5.24,3.9,4927.6,1088.6,67.0,4.1,132716,7.21,91055.0
2001-01-01,40.7,175.6,91.902,70.164,5.98,5.16,4.2,4978.3,1096.7,67.2,4.5,132703,7.15,90796.0
2001-02-01,40.5,176.0,91.3034,70.199,5.49,5.1,4.2,5017.0,1101.2,67.1,4.6,132788,7.1,91101.0
2001-03-01,40.5,176.1,91.1162,70.141,5.31,4.89,4.3,5074.8,1108.9,67.2,4.9,132751,6.98,89251.0
2001-04-01,40.4,176.4,90.7891,70.094,4.8,5.14,4.4,5139.1,1116.7,66.9,4.8,132458,7.2,87903.0
2001-05-01,40.4,177.3,90.3555,70.394,4.21,5.39,4.3,5137.2,1118.5,66.7,4.3,132408,7.29,88476.0
2001-06-01,40.3,177.7,89.8784,70.438,3.97,5.28,4.5,5180.1,1126.2,66.7,4.2,132300,7.18,85938.0
2001-07-01,40.6,177.4,89.3028,70.588,3.77,5.24,4.6,5210.0,1138.9,66.8,5.4,132172,7.13,83202.0
2001-08-01,40.3,177.4,89.2003,70.989,3.65,4.97,4.9,5243.8,1150.2,66.5,6.5,132021,7.02,83882.0
2001-09-01,40.2,178.1,88.7485,70.084,3.07,4.73,5.0,5355.1,1205.7,66.8,6.9,131763,7.17,79509.0
2001-10-01,40.1,177.6,88.5052,71.89,2.49,4.57,5.3,5343.8,1165.7,66.7,2.9,131452,7.03,79062.0
2001-11-01,40.0,177.5,87.97,71.633,2.09,4.65,5.5,5387.5,1171.0,66.7,3.4,131144,6.97,78446.0
2001-12-01,40.2,177.4,87.9324,71.552,1.82,5.09,5.7,5440.5,1183.2,66.7,3.7,130983,6.77,77800.0
2002-01-01,40.2,177.7,88.5176,71.667,1.73,5.04,5.7,5460.9,1190.7,66.5,5.6,130859,6.55,79260.0
2002-02-01,40.2,178.0,88.5278,71.951,1.74,4.91,5.7,5490.2,1190.6,66.8,5.4,130737,6.51,79264.0
2002-03-01,40.5,178.5,89.1686,71.937,1.73,5.28,5.7,5502.0,1193.3,66.6,5.5,130722,6.81,80344.0
2002-04-01,40.6,179.3,89.604,72.321,1.75,5.21,5.9,5502.1,1186.9,66.7,5.4,130616,6.76,82072.0
2002-05-01,40.6,179.5,89.964,72.041,1.75,5.16,5.8,5528.3,1189.3,66.7,6.1,130632,6.75,82427.0
2002-06-01,40.7,179.6,90.7061,72.283,1.75,4.93,5.8,5553.3,1193.3,66.6,6.1,130674,6.63,83563.0
2002-07-01,40.4,180.0,90.6769,72.762,1.73,4.65,5.8,5596.0,1199.1,66.5,5.3,130584,6.53,83724.0
2002-08-01,40.5,180.5,90.5762,72.868,1.74,4.26,5.7,5638.3,1187.1,66.6,5.2,130581,6.37,83689.0
2002-09-01,40.5,180.8,90.6531,72.531,1.75,3.87,5.7,5662.3,1196.1,66.7,5.8,130502,6.15,83487.0
2002-10-01,40.3,181.2,90.4643,72.827,1.75,3.94,5.7,5707.1,1204.0,66.6,5.6,130617,6.32,82767.0
2002-11-01,40.4,181.5,90.9711,73.035,1.34,4.05,5.9,5758.1,1209.6,66.4,5.6,130616,6.31,83919.0
2002-12-01,40.5,181.8,90.4652,73.513,1.24,4.03,6.0,5779.4,1220.2,66.3,5.3,130465,6.21,81578.0
2003-01-01,40.3,182.6,91.2361,73.503,1.24,4.05,5.8,5812.1,1227.3,66.4,5.3,130573,6.17,82513.0
2003-02-01,40.3,183.6,91.3445,73.266,1.26,3.9,5.9,5848.2,1238.2,66.4,5.2,130441,5.95,83094.0
2003-03-01,40.4,183.9,91.1044,73.687,1.25,3.81,5.9,5868.4,1239.3,66.3,4.9,130235,5.89,83157.0
2003-04-01,40.1,183.2,90.5617,74.035,1.26,3.96,6.0,5905.5,1250.0,66.4,5.0,130173,5.74,82565.0
2003-05-01,40.2,182.9,90.537,74.273,1.26,3.57,6.1,5965.3,1268.8,66.4,5.3,130197,5.22,82630.0
2003-06-01,40.3,183.1,90.6527,74.671,1.22,3.33,6.3,6002.2,1281.0,66.5,5.1,130186,4.97,85174.0
2003-07-01,40.1,183.7,91.1185,75.008,1.01,3.98,6.2,6049.1,1287.5,66.2,5.9,130184,5.49,85943.0
2003-08-01,40.2,184.5,90.9197,75.672,1.03,4.45,6.1,6107.1,1296.4,66.1,5.7,130153,5.88,84906.0
2003-09-01,40.5,185.1,91.5059,75.452,1.01,4.27,6.1,6079.7,1297.2,66.1,4.9,130252,5.72,86968.0
2003-10-01,40.6,184.9,91.6186,75.574,1.01,4.29,6.0,6070.0,1297.8,66.1,5.0,130439,5.7,88890.0
2003-11-01,40.9,185.0,92.2329,76.008,1.0,4.3,5.8,6075.5,1299.1,66.1,5.0,130480,5.65,91323.0
2003-12-01,40.7,185.5,92.2602,76.108,0.98,4.27,5.7,6073.8,1306.2,65.9,5.0,130589,5.62,91023.0
2004-01-01,40.9,186.3,92.4006,76.355,1.0,4.15,5.7,6082.1,1306.0,66.1,4.6,130756,5.54,90564.0
2004-02-01,41.0,186.7,92.958,76.51,1.01,4.08,5.6,6121.8,1321.4,66.0,4.6,130821,5.5,94131.0
2004-03-01,40.9,187.1,92.5861,76.947,1.0,3.83,5.8,6157.9,1328.7,66.0,4.5,131140,5.33,96707.0
2004-04-01,40.7,187.4,92.93,76.884,1.0,4.35,5.6,6198.9,1332.8,65.9,4.9,131412,5.73,96398.0
2004-05-01,41.1,188.2,93.6013,77.289,1.0,4.72,5.6,6275.7,1333.3,66.0,4.8,131697,6.04,98197.0
2004-06-01,40.8,188.9,92.871,76.892,1.03,4.73,5.6,6277.9,1342.7,66.1,5.4,131794,6.01,95773.0
2004-07-01,40.8,189.1,93.5649,77.568,1.26,4.5,5.5,6291.1,1340.8,66.1,4.7,131854,5.82,96907.0
2004-08-01,40.8,189.2,93.6277,77.855,1.43,4.28,5.4,6317.8,1354.3,66.0,4.7,131939,5.65,97295.0
2004-09-01,40.7,189.8,93.7467,78.358,1.61,4.13,5.4,6352.2,1362.5,65.8,4.1,132089,5.46,98782.0
2004-10-01,40.6,190.8,94.5465,78.542,1.76,4.1,5.5,6379.8,1362.3,65.9,3.9,132429,5.47,100494.0
2004-11-01,40.5,191.7,94.7813,78.683,1.93,4.19,5.4,6406.3,1374.2,66.0,3.4,132503,5.52,100090.0
2004-12-01,40.6,191.7,95.5365,79.199,2.16,4.23,5.4,6424.5,1376.0,65.9,6.2,132630,5.47,102781.0
2005-01-01,40.7,191.6,95.8801,79.033,2.28,4.22,5.3,6430.8,1367.1,65.8,2.7,132781,5.36,103206.0
2005-02-01,40.7,192.4,96.5761,79.383,2.5,4.17,5.4,6438.9,1371.1,65.9,2.3,133034,5.2,104010.0
2005-03-01,40.4,193.1,96.4456,79.51,2.63,4.5,5.2,6448.3,1370.9,65.9,2.5,133154,5.4,105097.0
2005-04-01,40.4,193.7,96.6532,80.026,2.79,4.34,5.2,6461.8,1358.4,66.1,2.1,133520,5.33,107268.0
2005-05-01,40.4,193.6,96.7402,79.917,3.0,4.14,5.1,6479.0,1366.0,66.1,2.6,133689,5.15,107080.0
2005-06-01,40.4,193.7,97.1753,80.62,3.04,4.0,5.0,6511.7,1380.1,66.1,2.0,133948,4.96,107033.0
2005-07-01,40.5,194.9,96.8676,81.199,3.26,4.18,5.0,6543.5,1369.0,66.1,1.4,134300,5.06,107082.0
2005-08-01,40.5,196.1,97.1833,80.839,3.5,4.26,4.9,6576.3,1377.8,66.2,2.0,134502,5.09,108475.0
2005-09-01,40.7,198.8,95.3005,80.521,3.62,4.2,5.0,6610.1,1378.6,66.1,2.0,134552,5.13,107156.0
2005-10-01,41.0,199.1,96.4572,80.738,3.78,4.46,5.0,6643.9,1376.5,66.1,2.3,134641,5.35,109813.0
2005-11-01,40.9,198.1,97.5414,80.976,4.0,4.54,5.0,6660.7,1376.1,66.0,2.6,134997,5.42,111462.0
2005-12-01,40.8,198.1,98.0452,81.292,4.16,4.47,4.9,6687.8,1374.3,66.0,2.5,135159,5.37,113822.0
2006-01-01,41.0,199.3,98.1999,81.714,4.29,4.42,4.7,6730.1,1379.5,66.0,3.0,135427,5.29,115831.0
2006-02-01,41.0,199.4,98.2413,81.885,4.49,4.57,4.8,6754.7,1378.4,66.1,3.2,135733,5.35,116871.0
2006-03-01,41.1,199.7,98.4628,82.057,4.59,4.72,4.7,6769.3,1383.2,66.2,3.3,136038,5.53,118820.0
2006-04-01,41.2,200.7,98.7618,82.203,4.79,4.99,4.7,6806.9,1381.4,66.1,3.1,136210,5.84,119611.0
2006-05-01,41.2,201.3,98.7869,82.341,4.94,5.11,4.6,6813.7,1387.2,66.1,2.9,136249,5.95,121155.0
2006-06-01,41.2,201.8,99.0997,82.386,4.99,5.11,4.6,6851.8,1375.4,66.2,2.9,136337,5.89,122726.0
2006-07-01,41.4,202.9,99.0489,82.851,5.24,5.09,4.7,6893.6,1372.4,66.1,2.3,136529,5.85,120430.0
2006-08-01,41.1,203.8,99.4836,82.576,5.25,4.88,4.7,6925.1,1372.4,66.2,2.5,136692,5.68,122780.0
2006-09-01,41.1,202.8,99.3183,83.088,5.25,4.72,4.5,6952.4,1364.4,66.1,2.4,136826,5.51,124051.0
2006-10-01,41.1,201.9,99.2044,83.447,5.25,4.73,4.4,7001.7,1370.3,66.2,2.4,136843,5.51,125533.0
2006-11-01,41.0,202.0,99.1627,83.477,5.25,4.6,4.5,7037.2,1370.8,66.3,2.7,137060,5.33,127388.0
2006-12-01,41.1,203.1,100.1735,83.961,5.24,4.56,4.4,7080.1,1366.6,66.4,2.6,137249,5.32,128795.0
2007-01-01,41.0,203.437,99.8346,84.127,5.25,4.76,4.6,7118.3,1371.7,66.4,2.4,137472,5.4,130648.0
2007-02-01,40.9,204.226,100.7753,84.106,5.26,4.72,4.5,7134.3,1363.0,66.3,2.8,137560,5.39,129481.0
2007-03-01,41.3,205.288,100.9547,84.2,5.26,4.56,4.4,7168.2,1366.5,66.2,3.0,137784,5.3,133836.0
2007-04-01,41.3,205.904,101.6334,84.281,5.25,4.69,4.5,7240.7,1378.0,65.9,3.0,137847,5.47,133351.0
2007-05-01,41.1,206.755,101.7306,84.405,5.25,4.75,4.4,7254.6,1380.9,66.0,2.8,137992,5.47,135835.0
2007-06-01,41.4,207.234,101.7893,84.409,5.25,5.1,4.6,7287.8,1368.2,66.0,2.7,138070,5.79,137312.0
2007-07-01,41.3,207.603,101.6672,84.666,5.26,5.0,4.7,7318.7,1371.8,66.0,2.6,138044,5.73,138545.0
2007-08-01,41.3,207.667,101.863,85.023,5.02,4.67,4.6,7394.8,1376.3,65.8,2.2,138013,5.79,141518.0
2007-09-01,41.3,208.547,102.0894,85.095,4.94,4.52,4.7,7413.0,1375.7,66.0,2.3,138099,5.74,142070.0
2007-10-01,41.2,209.19,101.8015,85.162,4.76,4.53,4.7,7428.1,1379.4,65.8,2.2,138175,5.66,144525.0
2007-11-01,41.3,210.834,102.3446,85.34,4.49,4.15,4.7,7453.6,1371.8,66.0,1.9,138290,5.44,146264.0
2007-12-01,41.1,211.445,102.3803,85.286,4.24,4.1,5.0,7483.9,1373.4,66.0,2.4,138395,5.49,147429.0
2008-01-01,41.1,212.174,102.2448,85.272,3.94,3.74,5.0,7517.5,1377.7,66.2,2.6,138391,5.33,151094.0
2008-02-01,41.1,212.687,101.8438,84.977,2.98,3.74,4.9,7604.0,1380.4,66.0,3.0,138329,5.53,153660.0
2008-03-01,41.3,213.448,101.5336,85.189,2.61,3.51,5.1,7670.0,1388.7,66.1,2.9,138259,5.51,152900.0
2008-04-01,41.2,213.942,100.8785,85.327,2.28,3.68,5.0,7712.5,1391.4,65.9,2.4,138040,5.55,157362.0
2008-05-01,41.0,215.208,100.2674,85.486,1.98,3.88,5.4,7725.2,1393.4,66.1,6.8,137851,5.57,159082.0
2008-06-01,41.0,217.463,100.0335,85.328,2.0,4.1,5.6,7743.9,1404.6,66.1,4.6,137700,5.68,164073.0
2008-07-01,41.0,219.016,99.676,84.917,2.01,4.01,5.8,7791.2,1421.1,66.1,3.6,137497,5.67,166232.0
2008-08-01,40.9,218.69,98.1111,84.907,2.0,3.89,6.1,7805.8,1407.4,66.1,3.1,137211,5.64,163335.0
2008-09-01,40.5,218.877,93.7895,84.343,1.81,3.69,6.1,7872.4,1462.0,66.0,3.9,136760,5.65,154611.0
2008-10-01,40.5,216.995,94.7219,84.213,0.97,3.81,6.5,7974.9,1473.8,66.0,4.9,136291,6.28,151854.0
2008-11-01,40.1,213.153,93.4715,83.955,0.39,3.53,6.8,8027.0,1514.6,65.9,6.0,135541,6.12,142973.0
2008-12-01,39.8,211.398,90.8357,83.711,0.16,2.42,7.3,8204.7,1601.7,65.8,5.8,134847,5.05,132410.0
2009-01-01,39.7,211.933,88.57,84.092,0.15,2.52,7.8,8289.0,1582.8,65.7,5.9,134079,5.05,125858.0
2009-02-01,39.6,212.705,88.031,83.747,0.22,2.87,8.3,8319.3,1567.2,65.8,5.4,133318,5.27,127893.0
2009-03-01,39.3,212.495,86.6528,83.401,0.18,2.82,8.7,8386.4,1578.9,65.6,5.8,132494,5.5,126478.0
2009-04-01,39.4,212.709,85.9344,83.277,0.15,2.93,9.0,8391.1,1611.6,65.7,6.5,131822,5.39,125323.0
2009-05-01,39.3,213.022,85.0665,83.353,0.18,3.29,9.4,8449.2,1617.5,65.7,7.8,131466,5.54,127342.0
2009-06-01,39.6,214.79,84.7459,83.376,0.21,3.72,9.5,8459.3,1658.8,65.7,6.1,131008,5.61,129796.0
2009-07-01,39.9,214.726,85.7027,83.654,0.16,3.56,9.5,8463.5,1662.5,65.5,5.4,130662,5.41,131878.0
2009-08-01,40.0,215.445,86.6426,84.406,0.16,3.59,9.6,8463.0,1660.0,65.4,4.4,130472,5.26,132566.0
2009-09-01,40.1,215.861,87.4063,83.627,0.15,3.4,9.8,8461.6,1664.9,65.1,5.5,130246,5.13,137047.0
2009-10-01,40.2,216.509,87.6419,83.722,0.12,3.39,10.0,8487.9,1677.7,65.0,5.1,130061,5.15,141056.0
2009-11-01,40.5,217.234,88.0221,83.588,0.12,3.4,9.9,8517.0,1683.0,65.0,5.5,130057,5.19,142075.0
2009-12-01,40.6,217.347,88.3793,84.099,0.12,3.59,9.9,8512.2,1692.8,64.6,5.4,129808,5.26,145480.0
2010-01-01,40.9,217.488,89.3426,83.945,0.11,3.73,9.8,8477.7,1674.7,64.8,5.6,129802,5.26,145718.0
2010-02-01,40.5,217.281,89.6779,84.259,0.13,3.69,9.8,8527.3,1699.8,64.9,5.3,129706,5.35,146849.0
2010-03-01,41.0,217.353,90.2928,84.662,0.16,3.73,9.9,8523.5,1711.9,64.9,5.3,129866,5.27,151080.0
2010-04-01,41.1,217.403,90.5991,84.835,0.2,3.85,9.9,8554.8,1699.0,65.2,6.0,130120,5.29,150006.0
2010-05-01,41.4,217.29,91.823,85.046,0.2,3.42,9.6,8609.0,1710.1,64.9,6.4,130642,4.96,153819.0
2010-06-01,41.0,217.199,91.9928,85.253,0.18,3.2,9.4,8628.1,1731.6,64.6,6.2,130510,4.88,153326.0
2010-07-01,41.1,217.605,92.3421,85.486,0.18,3.01,9.4,8639.5,1724.0,64.6,6.1,130415,4.72,156763.0
2010-08-01,41.2,217.923,92.6805,85.693,0.19,2.7,9.5,8687.9,1748.7,64.7,6.2,130415,4.49,157769.0
2010-09-01,41.4,218.275,92.9537,85.774,0.19,2.65,9.5,8718.7,1766.2,64.6,6.1,130341,4.53,158624.0
2010-10-01,41.3,219.035,92.6903,85.993,0.19,2.54,9.4,8768.4,1780.4,64.4,5.9,130620,4.68,164234.0
2010-11-01,41.3,219.59,92.7709,86.211,0.19,2.76,9.8,8789.0,1828.4,64.6,5.8,130749,4.87,165621.0
2010-12-01,41.3,220.472,93.6787,86.325,0.18,3.29,9.3,8823.2,1837.2,64.3,6.2,130830,5.02,168510.0
2011-01-01,41.0,221.187,93.4814,86.422,0.17,3.39,9.1,8849.0,1850.4,64.2,6.6,130837,5.04,169897.0
2011-02-01,41.4,221.898,93.1102,86.398,0.16,3.58,9.0,8913.3,1874.6,64.1,6.9,131057,5.22,168665.0
2011-03-01,41.4,223.046,94.0788,86.697,0.14,3.41,9.0,8971.5,1901.2,64.2,6.3,131283,5.13,176676.0
2011-04-01,41.4,224.093,93.7749,86.594,0.1,3.46,9.1,9035.1,1901.9,64.2,6.3,131597,5.16,178838.0
2011-05-01,41.5,224.806,93.888,86.494,0.09,3.17,9.0,9107.8,1947.0,64.1,6.3,131703,4.96,178856.0
2011-06-01,41.4,224.806,94.172,86.695,0.09,3.0,9.1,9182.1,1969.0,64.0,6.5,131931,4.99,176895.0
2011-07-01,41.4,225.395,94.636,86.846,0.07,3.0,9.0,9344.2,2001.8,64.0,6.7,131992,4.93,181502.0
2011-08-01,41.4,226.106,95.2749,86.793,0.1,2.3,9.0,9531.0,2121.5,64.1,6.7,132125,4.37,182475.0
2011-09-01,41.4,226.597,95.1961,86.936,0.08,1.98,9.0,9551.5,2126.4,64.2,6.4,132344,4.09,183858.0
2011-10-01,41.5,226.75,95.8568,87.093,0.07,2.15,8.8,9584.4,2135.0,64.1,6.3,132553,3.98,182681.0
2011-11-01,41.5,227.169,95.8485,86.946,0.08,2.01,8.6,9636.5,2188.9,64.1,6.4,132690,3.87,180798.0
2011-12-01,41.6,227.223,96.3571,86.985,0.07,1.98,8.5,9683.9,2172.5,64.0,7.2,132888,3.93,182411.0
2012-01-01,41.8,227.842,96.9318,87.321,0.08,1.97,8.3,9757.6,2209.1,63.7,7.4,133246,3.85,182425.0
2012-02-01,41.8,228.329,97.2435,87.85,0.1,1.97,8.3,9809.8,2214.9,63.8,7.3,133509,3.85,185085.0
2012-03-01,41.6,228.807,96.74,87.735,0.13,2.17,8.2,9853.9,2235.7,63.8,7.6,133748,3.99,188511.0
2012-04-01,41.7,229.187,97.4359,87.816,0.14,2.05,8.2,9907.7,2245.4,63.7,7.9,133825,3.96,187092.0
2012-05-01,41.6,228.713,97.6609,87.822,0.16,1.8,8.2,9951.4,2264.9,63.7,7.9,133932,3.8,187375.0
2012-06-01,41.7,228.524,97.6663,87.73,0.16,1.62,8.2,10021.6,2284.2,63.8,7.9,134013,3.64,187247.0
2012-07-01,41.7,228.59,97.8713,87.914,0.16,1.53,8.2,10074.5,2324.1,63.7,7.0,134157,3.4,186714.0
2012-08-01,41.5,229.918,97.4525,87.932,0.13,1.68,8.1,10145.6,2363.5,63.5,6.7,134339,3.48,184999.0
2012-09-01,41.5,231.015,97.381,88.056,0.14,1.72,7.8,10226.1,2396.4,63.6,7.2,134517,3.49,191182.0
2012-10-01,41.5,231.638,97.7193,88.05,0.16,1.75,7.8,10292.4,2429.9,63.8,7.8,134669,3.47,186133.0
2012-11-01,41.5,231.249,98.0777,88.434,0.16,1.65,7.7,10361.9,2451.5,63.6,8.7,134825,3.5,188461.0
2012-12-01,41.7,231.221,98.3101,88.47,0.16,1.72,7.9,10484.1,2470.7,63.7,10.9,135074,3.65,192226.0
2013-01-01,41.6,231.679,98.3342,88.864,0.14,1.91,8.0,10508.1,2487.4,63.7,4.9,135257,3.8,190283.0
2013-02-01,41.9,232.937,98.7941,88.849,0.15,1.98,7.7,10527.5,2480.1,63.4,4.7,135546,3.9,192436.0
2013-03-01,41.9,232.282,99.1921,88.963,0.14,1.96,7.5,10583.8,2487.5,63.3,4.8,135689,3.93,189856.0
2013-04-01,41.8,231.797,99.1065,88.983,0.15,1.76,7.6,10611.3,2516.2,63.4,5.1,135873,3.73,190603.0
2013-05-01,41.7,231.893,99.1839,89.237,0.11,1.93,7.5,10646.1,2535.5,63.4,5.3,136096,3.89,189837.0
2013-06-01,41.8,232.445,99.3897,89.219,0.09,2.3,7.5,10703.3,2533.0,63.4,5.4,136279,4.27,192921.0
2013-07-01,41.7,232.9,99.0814,89.329,0.09,2.58,7.3,10742.8,2554.6,63.3,5.2,136391,4.34,192125.0
2013-08-01,41.9,233.456,99.6543,89.464,0.08,2.74,7.2,10801.2,2563.9,63.3,5.2,136646,4.54,192449.0
2013-09-01,41.8,233.544,100.161,89.733,0.08,2.81,7.2,10862.0,2598.6,63.2,5.3,136821,4.64,192505.0
2013-10-01,41.9,233.669,100.082,90.023,0.09,2.62,7.2,10986.3,2644.4,62.8,4.7,137041,4.53,196471.0
2013-11-01,42.0,234.1,100.3158,90.393,0.08,2.72,6.9,10995.6,2652.4,63.0,4.5,137317,4.63,197292.0
2013-12-01,41.9,234.719,100.5175,90.475,0.09,2.9,6.7,11060.1,2687.4,62.9,4.5,137372,4.62,196343.0
2014-01-01,41.6,235.288,100.1599,90.176,0.07,2.86,6.6,11130.8,2728.2,62.9,5.2,137561,4.49,195789.0
2014-02-01,41.6,235.547,100.9168,90.586,0.07,2.71,6.7,11196.8,2744.7,62.9,5.3,137712,4.45,195059.0
2014-03-01,42.0,236.028,101.8942,91.104,0.08,2.72,6.7,11232.6,2763.7,63.1,5.2,137985,4.38,199559.0
2014-04-01,41.9,236.468,101.9928,91.253,0.09,2.71,6.2,11277.7,2788.8,62.8,5.4,138298,4.24,199056.0
2014-05-01,42.1,236.918,102.3836,91.451,0.09,2.56,6.3,11342.8,2800.5,62.9,5.6,138513,4.16,201418.0
2014-06-01,42.1,237.231,102.735,91.772,0.1,2.6,6.1,11398.1,2832.5,62.8,5.6,138849,4.25,200514.0
2014-07-01,42.0,237.498,102.9632,91.971,0.09,2.54,6.2,11453.0,2852.8,62.9,5.5,139072,4.16,200758.0
2014-08-01,42.0,237.46,102.7688,92.596,0.09,2.42,6.1,11477.3,2802.7,62.9,5.3,139269,4.08,202226.0
2014-09-01,42.1,237.477,103.0641,92.623,0.09,2.53,5.9,11519.1,2877.6,62.8,5.5,139563,4.11,199556.0
2014-10-01,42.1,237.43,103.0764,93.217,0.09,2.3,5.7,11593.1,2896.9,62.9,5.4,139798,3.92,201376.0
2014-11-01,42.2,236.983,103.7126,93.454,0.09,2.33,5.8,11634.2,2905.1,62.9,5.6,140089,3.92,198893.0
2014-12-01,42.1,236.252,103.7044,93.713,0.12,2.21,5.6,11717.6,2972.3,62.8,6.0,140364,3.79,198413.0
2015-01-01,42.0,234.747,102.8905,93.936,0.11,1.88,5.7,11805.2,2973.0,62.9,6.3,140568,3.46,194245.0
2015-02-01,41.9,235.342,102.2335,94.158,0.11,1.98,5.5,11922.8,3043.2,62.7,6.4,140827,3.61,191934.0
2015-03-01,41.8,235.976,101.8914,94.441,0.11,2.04,5.4,11920.5,3018.9,62.6,5.9,140923,3.64,192271.0
2015-04-01,41.8,236.222,101.3355,94.614,0.12,1.94,5.4,11954.6,3020.6,62.8,5.9,141196,3.52,193086.0
2015-05-01,41.8,237.001,100.8883,94.899,0.12,2.2,5.6,11982.6,2996.7,62.9,5.8,141538,3.98,191918.0
2015-06-01,41.8,237.657,100.571,94.966,0.13,2.36,5.3,12023.2,3033.4,62.7,5.7,141709,4.19,191512.0
2015-07-01,41.8,238.034,101.2228,95.319,0.13,2.32,5.2,12067.0,3053.8,62.6,5.6,141991,4.15,190841.0
2015-08-01,41.8,238.033,101.0367,95.554,0.14,2.17,5.1,12112.0,3033.2,62.6,5.6,142125,4.04,188084.0
2015-09-01,41.8,237.498,100.7547,95.61,0.14,2.17,5.0,12173.9,3057.6,62.4,5.8,142275,4.07,189155.0
2015-10-01,41.8,237.733,100.2675,95.676,0.12,2.07,5.0,12225.2,3037.6,62.5,5.8,142579,3.95,187795.0
2015-11-01,41.8,238.017,99.5298,95.835,0.12,2.26,5.1,12317.0,3094.7,62.5,5.6,142808,4.06,185419.0
2015-12-01,41.8,237.761,99.0417,96.138,0.24,2.24,5.0,12387.9,3126.1,62.7,5.8,143077,3.97,184517.0
2016-01-01,41.9,237.652,99.5607,96.299,0.34,2.09,4.8,12526.2,3127.9,62.7,6.1,143210,4.0,180952.0
2016-02-01,41.8,237.336,99.0445,96.941,0.38,1.78,4.9,12599.1,3164.0,62.8,5.6,143406,3.96,183033.0
2016-03-01,41.8,238.08,98.3096,96.58,0.36,1.89,5.0,12649.6,3178.8,63.0,5.9,143662,3.82,182053.0
2016-04-01,41.8,238.992,98.6421,96.836,0.37,1.81,5.1,12728.7,3221.2,62.9,5.5,143854,3.62,184167.0
2016-05-01,41.9,239.557,98.4184,96.995,0.37,1.81,4.8,12796.3,3258.6,62.7,5.3,143900,3.65,185124.0
2016-06-01,41.8,240.222,98.8833,97.426,0.38,1.64,4.9,12856.9,3264.3,62.7,4.9,144147,3.5,186833.0
2016-07-01,42.0,240.101,98.9992,97.604,0.39,1.5,4.8,12911.3,3264.1,62.8,5.1,144520,3.28,188196.0
2016-08-01,41.8,240.545,98.85,97.709,0.4,1.56,4.9,12995.8,3333.0,62.9,5.1,144661,3.32,190173.0
2016-09-01,41.9,241.176,98.7457,97.97,0.4,1.63,5.0,13056.7,3342.5,62.9,5.1,144967,3.41,190714.0
2016-10-01,42.0,241.741,98.7611,97.925,0.4,1.76,4.9,13130.0,3354.9,62.8,5.3,145065,3.51,189343.0
2016-11-01,41.9,242.026,98.3491,98.09,0.41,2.14,4.7,13204.0,3370.6,62.7,5.4,145183,3.86,187653.0
2016-12-01,41.9,242.637,99.0214,98.78,0.54,2.49,4.7,13248.7,3368.3,62.7,5.0,145408,4.06,192584.0
2017-01-01,41.9,243.618,98.7611,98.839,0.65,2.43,4.7,13324.3,3423.0,62.8,5.3,145628,3.92,195435.0
2017-02-01,41.9,244.006,98.3646,98.892,0.66,2.42,4.6,13391.8,3434.7,62.9,5.6,145846,3.95,196492.0
2017-03-01,41.8,243.892,99.0137,99.331,0.79,2.48,4.4,13452.7,3480.0,62.9,5.6,145970,4.01,196213.0
2017-04-01,42.0,244.193,100.0224,99.364,0.9,2.3,4.4,13508.7,3478.8,63.0,5.7,146175,3.87,196038.0
2017-05-01,41.9,244.004,100.1408,99.427,0.91,2.3,4.4,13561.4,3542.8,62.8,6.3,146380,3.85,195533.0
2017-06-01,42.0,244.163,100.3471,99.745,1.04,2.19,4.3,13583.3,3550.6,62.8,6.0,146583,3.68,197990.0
2017-07-01,41.9,244.243,100.1068,99.996,1.15,2.32,4.3,13640.4,3571.6,62.9,6.0,146772,3.7,197260.0
2017-08-01,42.0,245.183,99.6925,100.008,1.16,2.21,4.4,13699.8,3607.3,62.9,6.1,146919,3.63,198957.0
2017-09-01,41.9,246.435,99.7954,100.555,1.15,2.2,4.3,13748.9,3589.8,63.1,5.9,147008,3.63,201125.0
2017-10-01,42.0,246.626,101.0247,100.65,1.15,2.36,4.2,13808.1,3630.0,62.7,6.0,147149,3.6,202855.0
2017-11-01,42.1,247.284,101.2664,101.202,1.16,2.35,4.2,13841.3,3648.7,62.7,5.6,147372,3.57,206890.0
2017-12-01,41.8,247.805,101.4644,101.992,1.3,2.4,4.1,13899.7,3638.7,62.7,5.0,147523,3.51,209690.0
2018-01-01,41.9,248.859,101.4625,101.886,1.41,2.58,4.0,13910.2,3686.4,62.7,5.7,147660,3.55,207358.0
2018-02-01,42.3,249.529,101.7085,101.931,1.42,2.86,4.1,13947.2,3649.6,63.0,5.8,148054,3.82,210539.0
2018-03-01,42.2,249.577,102.2067,102.226,1.51,2.84,4.0,14003.5,3695.1,62.9,5.9,148280,3.87,213280.0
2018-04-01,42.4,250.227,103.3329,102.318,1.69,2.87,4.0,14021.4,3691.7,62.9,6.0,148420,3.85,212156.0
2018-05-01,42.1,250.792,102.4024,102.633,1.7,2.98,3.8,14077.4,3683.8,62.9,6.0,148742,4.0,215578.0
2018-06-01,42.2,251.018,103.198,102.732,1.82,2.91,4.0,14137.7,3683.9,63.0,6.3,148960,3.96,213466.0
2018-07-01,42.2,251.214,103.3646,102.95,1.91,2.89,3.8,14171.1,3706.6,63.0,6.5,149020,3.87,211540.0
2018-08-01,42.1,251.663,104.0327,103.167,1.91,2.89,3.8,14219.4,3712.0,62.6,6.6,149277,3.88,211420.0
2018-09-01,42.0,252.182,104.1004,102.983,1.95,3.0,3.7,14253.8,3719.5,62.8,6.8,149358,3.98,213852.0
2018-10-01,42.1,252.772,103.9856,103.284,2.19,3.15,3.8,14265.4,3747.2,62.9,6.7,149527,4.14,214288.0
2018-11-01,41.9,252.594,104.0681,103.835,2.2,3.12,3.8,14285.7,3722.6,62.9,6.5,149617,4.22,211755.0
2018-12-01,42.1,252.767,104.0936,102.947,2.27,2.83,3.9,14407.5,3786.1,63.0,8.4,149809,4.02,209350.0
2019-01-01,42.0,252.561,103.4021,103.243,2.4,2.71,4.0,14471.5,3779.9,63.1,8.4,150060,3.93,211144.0
2019-02-01,41.7,253.319,102.8371,103.294,2.4,2.68,3.8,14506.7,3788.1,63.1,8.5,150067,3.79,213288.0
2019-03-01,41.7,254.277,102.8757,104.019,2.41,2.57,3.8,14550.5,3763.0,63.0,7.9,150295,3.77,214650.0
2019-04-01,41.6,255.233,102.274,104.028,2.42,2.53,3.7,14579.0,3814.7,62.8,7.6,150591,3.69,211246.0
2019-05-01,41.6,255.296,102.392,104.413,2.39,2.4,3.6,14678.3,3815.6,62.9,7.3,150618,3.67,215480.0
2019-06-01,41.7,255.213,102.4375,104.766,2.38,2.07,3.6,14798.6,3859.6,63.0,7.1,150838,3.42,212818.0
2019-07-01,41.5,255.802,101.9408,105.261,2.4,2.06,3.7,14881.8,3891.1,63.1,6.8,150937,3.29,212797.0
2019-08-01,41.5,256.036,102.639,105.665,2.13,1.63,3.6,14964.1,3876.9,63.1,6.9,151169,2.98,212599.0
2019-09-01,41.5,256.43,102.2917,105.836,2.04,1.7,3.5,15062.4,3925.4,63.2,7.0,151365,3.03,211602.0
2019-10-01,41.4,257.155,101.4281,105.843,1.83,1.71,3.6,15197.3,3956.7,63.3,7.1,151460,3.01,212281.0
2019-11-01,41.4,257.879,101.9372,106.412,1.55,1.81,3.6,15305.1,3971.3,63.3,6.9,151667,3.06,212786.0
2019-12-01,41.4,258.63,101.7003,106.584,1.55,1.86,3.6,15373.7,4029.6,63.3,6.2,151794,3.01,213402.0
2020-01-01,41.3,259.127,101.0338,107.073,1.55,1.76,3.6,15443.2,4016.2,63.3,6.8,152031,2.94,208878.0
2020-02-01,41.5,259.25,101.3735,106.702,1.58,1.5,3.5,15497.1,4031.5,63.3,7.5,152293,2.78,209544.0
2020-03-01,41.2,258.076,97.4078,99.687,0.65,0.87,4.4,16025.9,4298.5,62.6,12.4,150895,3.02,190055.0
2020-04-01,38.4,256.032,84.5619,88.774,0.05,0.66,14.8,17039.1,4838.1,60.1,31.8,130426,2.43,151929.0
2020-05-01,39.4,255.802,85.9604,96.162,0.05,0.67,13.2,17886.4,16265.0,60.8,22.6,133040,2.5,147143.0
2020-06-01,39.9,257.042,91.5934,101.401,0.08,0.73,11.0,18173.5,16587.4,61.5,18.3,137671,2.44,160760.0
2020-07-01,40.7,258.352,95.0256,102.956,0.09,0.62,10.2,18330.1,16794.1,61.5,17.9,139255,2.14,172697.0
2020-08-01,41.0,259.316,95.9549,103.78,0.1,0.65,8.4,18396.3,16911.7,61.7,13.9,140821,2.25,176731.0
2020-09-01,41.2,259.997,95.9669,105.071,0.09,0.68,7.8,18628.8,17191.6,61.4,13.3,141770,2.31,182527.0
2020-10-01,41.4,260.319,96.7394,105.391,0.09,0.79,6.9,18783.4,17392.8,61.7,12.8,142460,2.35,185902.0
2020-11-01,41.3,260.911,97.0816,105.114,0.09,0.87,6.7,19012.1,17651.7,61.5,12.0,142733,2.3,190228.0
2020-12-01,41.5,262.045,98.363,105.538,0.09,0.93,6.7,19165.9,17860.8,61.5,11.8,142548,2.26,196454.0
2021-01-01,41.6,262.687,98.8822,106.878,0.09,1.08,6.4,19392.5,18121.4,61.4,19.5,142863,2.45,199093.0
2021-02-01,41.4,263.579,95.6149,105.895,0.08,1.26,6.2,19628.2,18380.8,61.4,13.0,143380,2.7,195739.0
2021-03-01,41.6,264.961,98.3856,110.454,0.07,1.61,6.1,19852.2,18636.9,61.5,26.2,144232,3.04,208951.0
2021-04-01,41.6,266.614,98.5587,111.327,0.07,1.64,6.1,20189.0,18997.0,61.6,12.4,144587,2.9,209117.0
2021-05-01,41.5,268.383,99.4333,111.142,0.06,1.62,5.8,20457.0,19284.4,61.6,10.0,145065,2.96,211641.0
2021-06-01,41.4,270.654,99.7987,112.053,0.08,1.52,5.9,20499.2,19345.1,61.7,8.8,145820,2.79,214009.0
2021-07-01,41.4,271.903,100.2519,111.876,0.1,1.32,5.4,20654.4,19514.8,61.8,9.5,146762,2.57,216286.0
2021-08-01,41.4,272.676,100.0437,112.637,0.09,1.28,5.1,20837.0,19712.8,61.7,8.7,147314,2.55,217728.0
2021-09-01,41.3,273.91,98.8579,112.79,0.08,1.37,4.7,21004.6,19893.3,61.7,7.6,147771,2.53,214183.0
2021-10-01,41.3,276.55,100.1861,113.505,0.08,1.58,4.5,21168.0,20072.3,61.8,7.0,148572,2.68,228772.0
2021-11-01,41.5,278.919,100.8654,113.734,0.08,1.56,4.1,21337.9,20256.5,61.9,6.6,149230,2.62,231756.0
2021-12-01,41.5,280.845,100.5726,113.307,0.08,1.47,3.9,21494.0,20422.0,62.0,6.6,149816,2.65,236793.0
2022-01-01,41.2,282.543,100.1856,113.372,0.08,1.76,4.0,21614.0,20547.5,62.2,4.2,150006,2.93,232637.0
2022-02-01,41.5,284.5,100.8064,113.448,0.08,1.93,3.9,21712.7,20668.7,62.3,4.1,150825,3.25,237005.0
2022-03-01,41.5,287.674,101.3907,114.041,0.2,2.13,3.7,21749.8,20712.9,62.4,3.2,151315,3.43,248299.0
2022-04-01,41.3,288.561,101.44,114.632,0.33,2.75,3.7,21780.3,20757.6,62.2,2.6,151623,3.76,256715.0
2022-05-01,41.1,291.298,101.3335,114.473,0.77,2.9,3.6,21723.2,20702.1,62.3,2.6,151924,4.13,259050.0
2022-06-01,40.9,294.957,101.018,114.544,1.21,3.14,3.6,21676.8,20627.1,62.2,2.2,152358,4.24,262615.0
2022-07-01,41.0,294.913,101.223,114.646,1.68,2.9,3.5,21676.5,20566.4,62.1,3.3,153072,4.06,265032.0
2022-08-01,40.9,295.097,101.0963,115.268,2.33,2.9,3.6,21644.0,20472.0,62.3,3.2,153362,4.07,265216.0
2022-09-01,41.0,296.349,101.2918,115.348,2.56,3.52,3.5,21560.6,20320.6,62.2,3.4,153582,4.59,262473.0
2022-10-01,41.0,298.007,101.2529,115.556,3.08,3.98,3.6,21465.8,20133.2,62.2,3.4,153939,5.1,259671.0
2022-11-01,40.9,298.786,100.9552,115.247,3.78,3.89,3.6,21408.6,19973.3,62.1,3.8,154242,4.9,256225.0
2022-12-01,40.6,298.832,99.7664,115.146,4.1,3.62,3.5,21266.4,19718.2,62.3,4.2,154342,4.43,253508.0
2023-01-01,41.1,300.42,100.505,116.635,4.33,3.53,3.5,21249.4,19571.3,62.4,4.9,154776,4.4,259974.0
2023-02-01,40.7,301.45,100.6416,116.562,4.57,3.75,3.6,21226.9,19426.6,62.5,5.5,155066,4.56,254337.0
2023-03-01,40.6,301.821,101.0205,116.578,4.65,3.66,3.5,20917.4,18966.3,62.6,6.0,155134,4.6,259541.0
2023-04-01,40.7,302.845,101.253,116.938,4.83,3.46,3.4,20770.4,18656.4,62.6,5.8,155375,4.47,253608.0
2023-05-01,40.7,303.334,100.9286,116.888,5.06,3.57,3.6,20840.8,18589.4,62.6,6.1,155655,4.67,252569.0
2023-06-01,40.7,304.014,100.1196,117.256,5.08,3.75,3.6,20823.8,18476.6,62.6,5.8,155880,4.65,251879.0
2023-07-01,40.7,304.609,100.9067,117.816,5.12,3.9,3.5,20815.5,18385.6,62.6,5.5,156043,4.66,255576.0
2023-08-01,40.8,306.082,100.8393,117.892,5.33,4.17,3.7,20792.5,18271.3,62.8,5.6,156261,4.95,259963.0
2023-09-01,40.7,307.276,101.0211,118.043,5.33,4.38,3.7,20771.8,18174.2,62.7,5.3,156417,5.13,263533.0
2023-10-01,40.8,307.696,100.4689,118.361,5.33,4.8,3.9,20737.1,18070.2,62.6,5.4,156576,5.61,262463.0
2023-11-01,40.5,308.148,100.8639,118.783,5.33,4.5,3.7,20743.4,18001.8,62.8,5.6,156703,5.28,257254.0
2023-12-01,40.3,308.741,100.6031,119.267,5.33,4.02,3.8,20745.1,17956.4,62.5,5.6,156857,4.74,261838.0
2024-01-01,40.3,309.698,99.2223,118.833,5.33,4.06,3.7,20815.3,17983.4,62.5,6.4,157032,4.87,261796.0
2024-02-01,40.6,310.967,100.285,119.356,5.33,4.21,3.9,20903.0,18023.8,62.6,6.1,157238,5.03,269323.0
2024-03-01,40.6,312.345,100.4575,119.756,5.33,4.21,3.9,20943.8,18021.1,62.7,5.9,157466,5.01,265638.0
2024-04-01,40.6,313.023,100.2434,119.974,5.33,4.54,3.9,20969.9,18008.5,62.6,5.8,157530,5.28,266393.0
2024-05-01,40.8,313.175,100.863,120.53,5.33,4.48,3.9,21032.0,18034.6,62.6,5.8,157608,5.25,264976.0
2024-06-01,40.8,313.044,100.894,120.87,5.33,4.31,4.1,21094.6,18065.3,62.6,5.7,157695,5.13,268356.0
2024-07-01,40.7,313.569,99.9757,121.317,5.33,4.25,4.2,21122.6,18059.8,62.7,5.3,157748,5.12,271115.0
2024-08-01,40.7,314.062,100.4309,121.482,5.33,3.87,4.2,21204.7,18111.3,62.7,5.2,157757,4.87,275719.0
2024-09-01,40.8,314.732,99.8084,122.1,5.13,3.72,4.1,21289.0,18173.4,62.7,4.8,157912,4.68,273687.0
2024-10-01,40.6,315.631,99.4695,122.25,4.83,4.1,4.1,21337.0,18228.3,62.5,5.0,157945,4.95,269501.0
2024-11-01,40.8,316.528,99.2925,122.639,4.64,4.36,4.2,21440.0,18343.3,62.4,4.9,158079,5.14,275828.0
2024-12-01,40.9,317.604,100.3273,123.512,4.48,4.39,4.1,21458.4,18375.0,62.5,4.3,158316,5.2,270192.0
2025-01-01,40.7,318.961,100.0647,122.767,4.33,4.63,4.0,21519.7,18449.3,62.6,5.1,158268,5.46,273740.0
2025-02-01,41.0,319.679,101.0993,122.62,4.33,4.45,4.2,21587.5,18503.8,62.5,5.2,158310,5.32,280663.0
2025-03-01,41.1,319.785,101.0404,123.575,4.33,4.28,4.2,21657.8,18525.3,62.5,5.1,158377,5.29,283132.0
2025-04-01,40.9,320.302,101.1279,123.748,4.33,4.28,4.2,21792.0,18639.6,62.6,5.5,158485,5.45,291033.0
2025-05-01,41.0,320.62,100.9655,123.575,4.33,4.42,4.3,21849.5,18671.2,62.4,4.9,158498,5.54,280056.0
2025-06-01,41.0,321.435,101.4785,123.894,4.33,4.38,4.1,21967.8,18770.2,62.3,4.6,158478,5.46,280442.0
2025-07-01,41.1,322.169,101.894,124.505,4.33,4.39,4.3,22046.6,18821.2,62.2,4.5,158542,5.45,284322.0
2025-08-01,41.0,323.291,101.6247,124.869,4.33,4.26,4.3,22105.5,18845.4,62.3,4.4,158472,5.35,284344.0
2025-09-01,41.0,324.245,101.668,125.007,4.22,4.12,4.4,22188.6,18907.8,62.5,4.3,158548,5.21,293804.0
2025-10-01,41.1,,101.2075,125.266,4.09,4.06,,22260.1,18989.2,,4.0,158408,5.13,301177.0
2025-11-01,41.3,325.063,101.3605,125.421,3.88,4.09,4.5,22280.9,19006.9,62.5,4.0,158449,5.26,290906.0
2025-12-01,41.1,326.031,101.6781,125.526,3.72,4.14,4.4,22366.2,19089.6,62.4,4.0,158432,5.31,286301.0
